service,port,protocol
rtmp,1,ddp
tcpmux,1,udp
tcpmux,1,tcp
nbp,2,ddp
compressnet,2,udp
compressnet,2,tcp
compressnet,3,udp
compressnet,3,tcp
echo,4,ddp
rje,5,udp
rje,5,tcp
zip,6,ddp
echo,7,udp
echo,7,tcp
discard,9,udp
discard,9,tcp
systat,11,udp
systat,11,tcp
daytime,13,udp
daytime,13,tcp
qotd,17,udp
qotd,17,tcp
msp,18,udp
msp,18,tcp
chargen,19,udp
chargen,19,tcp
ftp,21,udp
ftp,21,tcp
ssh,22,udp
ssh,22,tcp
telnet,23,udp
telnet,23,tcp
smtp,25,udp
smtp,25,tcp
dsp,33,udp
dsp,33,tcp
time,37,udp
time,37,tcp
rap,38,udp
rap,38,tcp
rlp,39,udp
rlp,39,tcp
graphics,41,udp
graphics,41,tcp
name,42,udp
name,42,tcp
nicname,43,tcp
nicname,43,udp
mpm,45,udp
mpm,45,tcp
auditd,48,udp
auditd,48,tcp
tacacs,49,udp
tacacs,49,tcp
domain,53,udp
domain,53,tcp
acas,62,udp
acas,62,tcp
covia,64,udp
covia,64,tcp
bootps,67,udp
bootps,67,tcp
bootpc,68,udp
bootpc,68,tcp
tftp,69,udp
tftp,69,tcp
gopher,70,udp
gopher,70,tcp
deos,76,udp
deos,76,tcp
vettcp,78,udp
vettcp,78,tcp
finger,79,udp
finger,79,tcp
http,80,udp
http,80,tcp
xfer,82,udp
xfer,82,tcp
ctf,84,udp
ctf,84,tcp
mfcobol,86,udp
mfcobol,86,tcp
kerberos,88,udp
kerberos,88,tcp
dnsix,90,udp
dnsix,90,tcp
npp,92,udp
npp,92,tcp
dcp,93,udp
dcp,93,tcp
objcall,94,udp
objcall,94,tcp
supdup,95,udp
supdup,95,tcp
dixie,96,udp
dixie,96,tcp
tacnews,98,udp
tacnews,98,tcp
metagram,99,udp
metagram,99,tcp
newacct,100,tcp
hostname,101,udp
hostname,101,tcp
gppitnp,103,udp
gppitnp,103,tcp
cso,105,udp
cso,105,tcp
rtelnet,107,udp
rtelnet,107,tcp
snagas,108,udp
snagas,108,tcp
pop2,109,udp
pop2,109,tcp
pop3,110,udp
pop3,110,tcp
sunrpc,111,udp
sunrpc,111,tcp
mcidas,112,udp
mcidas,112,tcp
auth,113,udp
auth,113,tcp
audionews,114,udp
audionews,114,tcp
sftp,115,udp
sftp,115,tcp
ansanotify,116,udp
ansanotify,116,tcp
sqlserv,118,udp
sqlserv,118,tcp
nntp,119,udp
nntp,119,tcp
cfdptkt,120,udp
cfdptkt,120,tcp
erpc,121,udp
erpc,121,tcp
smakynet,122,udp
smakynet,122,tcp
ntp,123,udp
ntp,123,tcp
ansatrader,124,udp
ansatrader,124,tcp
nxedit,126,udp
nxedit,126,tcp
pwdgen,129,udp
pwdgen,129,tcp
statsrv,133,udp
statsrv,133,tcp
epmap,135,udp
epmap,135,tcp
profile,136,udp
profile,136,tcp
imap,143,udp
imap,143,tcp
uma,144,udp
uma,144,tcp
uaac,145,udp
uaac,145,tcp
jargon,148,udp
jargon,148,tcp
hems,151,udp
hems,151,tcp
bftp,152,udp
bftp,152,tcp
sgmp,153,udp
sgmp,153,tcp
sqlsrv,156,udp
sqlsrv,156,tcp
snmp,161,udp
snmp,161,tcp
snmptrap,162,udp
snmptrap,162,tcp
namp,167,udp
namp,167,tcp
rsvd,168,udp
rsvd,168,tcp
send,169,udp
send,169,tcp
multiplex,171,udp
multiplex,171,tcp
mailq,174,udp
mailq,174,tcp
vmnet,175,udp
vmnet,175,tcp
xdmcp,177,udp
xdmcp,177,tcp
nextstep,178,udp
nextstep,178,tcp
bgp,179,udp
bgp,179,tcp
ris,180,udp
ris,180,tcp
unify,181,udp
unify,181,tcp
audit,182,udp
audit,182,tcp
ocbinder,183,udp
ocbinder,183,tcp
ocserver,184,udp
ocserver,184,tcp
kis,186,udp
kis,186,tcp
aci,187,udp
aci,187,tcp
mumps,188,udp
mumps,188,tcp
qft,189,udp
qft,189,tcp
gacp,190,udp
gacp,190,tcp
prospero,191,udp
prospero,191,tcp
srmp,193,udp
srmp,193,tcp
irc,194,udp
irc,194,tcp
dls,197,udp
dls,197,tcp
smux,199,udp
smux,199,tcp
src,200,udp
src,200,tcp
qmtp,209,udp
qmtp,209,tcp
anet,212,udp
anet,212,tcp
ipx,213,udp
ipx,213,tcp
vmpwscs,214,udp
vmpwscs,214,tcp
softpc,215,udp
softpc,215,tcp
CAIlic,216,udp
CAIlic,216,tcp
dbase,217,udp
dbase,217,tcp
mpp,218,udp
mpp,218,tcp
uarps,219,udp
uarps,219,tcp
imap3,220,udp
imap3,220,tcp
cdc,223,udp
cdc,223,tcp
masqdialer,224,udp
masqdialer,224,tcp
direct,242,udp
direct,242,tcp
inbusiness,244,udp
inbusiness,244,tcp
link,245,udp
link,245,tcp
dsp3270,246,udp
dsp3270,246,tcp
subntbcst_tftp,247,udp
subntbcst_tftp,247,tcp
bhfhs,248,udp
bhfhs,248,tcp
rap,256,udp
rap,256,tcp
set,257,udp
set,257,tcp
openport,260,udp
openport,260,tcp
nsiiops,261,udp
nsiiops,261,tcp
arcisdms,262,udp
arcisdms,262,tcp
hdap,263,udp
hdap,263,tcp
bgmp,264,udp
bgmp,264,tcp
sst,266,udp
sst,266,tcp
rescap,283,udp
rescap,283,tcp
corerjd,284,udp
corerjd,284,tcp
novastorbakcup,308,udp
novastorbakcup,308,tcp
entrusttime,309,udp
entrusttime,309,tcp
bhmds,310,udp
bhmds,310,tcp
vslmp,312,udp
vslmp,312,tcp
dpsi,315,udp
dpsi,315,tcp
decauth,316,udp
decauth,316,tcp
zannet,317,udp
zannet,317,tcp
pip,321,udp
pip,321,tcp
rtsps,322,udp
rtsps,322,tcp
texar,333,udp
texar,333,tcp
pdap,344,udp
pdap,344,tcp
pawserv,345,udp
pawserv,345,tcp
zserv,346,udp
zserv,346,tcp
fatserv,347,udp
fatserv,347,tcp
mftp,349,udp
mftp,349,tcp
bhoetty,351,udp
bhoetty,351,tcp
bhoedap4,352,udp
bhoedap4,352,tcp
ndsauth,353,udp
ndsauth,353,tcp
bh611,354,udp
bh611,354,tcp
bhevent,357,udp
bhevent,357,tcp
shrinkwrap,358,udp
shrinkwrap,358,tcp
nsrmp,359,udp
nsrmp,359,tcp
scoi2odialog,360,udp
scoi2odialog,360,tcp
semantix,361,udp
semantix,361,tcp
srssend,362,udp
srssend,362,tcp
rsvp_tunnel,363,udp
rsvp_tunnel,363,tcp
dtk,365,udp
dtk,365,tcp
odmr,366,udp
odmr,366,tcp
mortgageware,367,udp
mortgageware,367,tcp
qbikgdp,368,udp
qbikgdp,368,tcp
rpc2portmap,369,udp
rpc2portmap,369,tcp
codaauth2,370,udp
codaauth2,370,tcp
clearcase,371,udp
clearcase,371,tcp
ulistproc,372,udp
ulistproc,372,tcp
hassle,375,udp
hassle,375,tcp
nip,376,udp
nip,376,tcp
tnETOS,377,udp
tnETOS,377,tcp
dsETOS,378,udp
dsETOS,378,tcp
is99c,379,udp
is99c,379,tcp
is99s,380,udp
is99s,380,tcp
arns,384,udp
arns,384,tcp
asa,386,udp
asa,386,tcp
aurp,387,udp
aurp,387,tcp
ldap,389,udp
ldap,389,tcp
uis,390,udp
uis,390,tcp
meta5,393,udp
meta5,393,tcp
netcp,395,udp
netcp,395,tcp
mptn,397,udp
mptn,397,tcp
kryptolan,398,udp
kryptolan,398,tcp
ups,401,udp
ups,401,tcp
genie,402,udp
genie,402,tcp
decap,403,udp
decap,403,tcp
nced,404,udp
nced,404,tcp
ncld,405,udp
ncld,405,tcp
imsp,406,udp
imsp,406,tcp
timbuktu,407,udp
timbuktu,407,tcp
decladebug,410,udp
decladebug,410,tcp
rmt,411,udp
rmt,411,tcp
smsp,413,udp
smsp,413,tcp
infoseek,414,udp
infoseek,414,tcp
bnet,415,udp
bnet,415,tcp
silverplatter,416,udp
silverplatter,416,tcp
onmux,417,udp
onmux,417,tcp
ariel1,419,udp
ariel1,419,tcp
smpte,420,udp
smpte,420,tcp
ariel2,421,udp
ariel2,421,tcp
ariel3,422,udp
ariel3,422,tcp
smartsdp,426,udp
smartsdp,426,tcp
svrloc,427,udp
svrloc,427,tcp
ocs_cmu,428,udp
ocs_cmu,428,tcp
ocs_amu,429,udp
ocs_amu,429,tcp
utmpsd,430,udp
utmpsd,430,tcp
utmpcd,431,udp
utmpcd,431,tcp
iasd,432,udp
iasd,432,tcp
nnsp,433,udp
nnsp,433,tcp
comscm,437,udp
comscm,437,tcp
dsfgw,438,udp
dsfgw,438,tcp
dasp,439,udp
dasp,439,tcp
sgcp,440,udp
sgcp,440,tcp
cvc_hostd,442,udp
cvc_hostd,442,tcp
https,443,udp
https,443,tcp
snpp,444,udp
snpp,444,tcp
tserver,450,udp
tserver,450,tcp
creativeserver,453,udp
creativeserver,453,tcp
contentserver,454,udp
contentserver,454,tcp
creativepartnr,455,udp
creativepartnr,455,tcp
scohelp,457,udp
scohelp,457,tcp
appleqtc,458,udp
appleqtc,458,tcp
skronk,460,udp
skronk,460,tcp
datasurfsrv,461,udp
datasurfsrv,461,tcp
datasurfsrvsec,462,udp
datasurfsrvsec,462,tcp
alpes,463,udp
alpes,463,tcp
kpasswd,464,udp
kpasswd,464,tcp
igmpv3lite,465,udp
urd,465,tcp
photuris,468,udp
photuris,468,tcp
rcp,469,udp
rcp,469,tcp
mondex,471,udp
mondex,471,tcp
tcpnethaspsrv,475,udp
tcpnethaspsrv,475,tcp
ss7ns,477,udp
ss7ns,477,tcp
spsc,478,udp
spsc,478,tcp
iafserver,479,udp
iafserver,479,tcp
iafdbase,480,udp
iafdbase,480,tcp
ph,481,udp
ph,481,tcp
ulpnet,483,udp
ulpnet,483,tcp
powerburst,485,udp
powerburst,485,tcp
avian,486,udp
avian,486,tcp
saft,487,udp
saft,487,tcp
intecourier,495,udp
intecourier,495,tcp
dantz,497,udp
dantz,497,tcp
siam,498,udp
siam,498,tcp
isakmp,500,udp
isakmp,500,tcp
stmf,501,udp
stmf,501,tcp
intrinsa,503,udp
intrinsa,503,tcp
citadel,504,udp
citadel,504,tcp
ohimsrv,506,udp
ohimsrv,506,tcp
crs,507,udp
crs,507,tcp
xvttp,508,udp
xvttp,508,tcp
snare,509,udp
snare,509,tcp
fcp,510,udp
fcp,510,tcp
passgo,511,udp
passgo,511,tcp
exec,512,tcp
comsat,512,udp
login,513,tcp
who,513,udp
shell,514,tcp
syslog,514,udp
printer,515,udp
printer,515,tcp
videotex,516,udp
videotex,516,tcp
talk,517,tcp
talk,517,udp
ntalk,518,udp
ntalk,518,tcp
utime,519,udp
utime,519,tcp
router,520,udp
efs,520,tcp
ripng,521,udp
ripng,521,tcp
ulp,522,udp
ulp,522,tcp
ncp,524,udp
ncp,524,tcp
timed,525,udp
timed,525,tcp
tempo,526,udp
tempo,526,tcp
stx,527,udp
stx,527,tcp
custix,528,udp
custix,528,tcp
courier,530,udp
courier,530,tcp
conference,531,udp
conference,531,tcp
netnews,532,udp
netnews,532,tcp
netwall,533,udp
netwall,533,tcp
iiop,535,udp
iiop,535,tcp
nmsp,537,udp
nmsp,537,tcp
gdomap,538,udp
gdomap,538,tcp
uucp,540,udp
uucp,540,tcp
commerce,542,udp
commerce,542,tcp
klogin,543,udp
klogin,543,tcp
kshell,544,udp
kshell,544,tcp
appleqtcsrvr,545,udp
appleqtcsrvr,545,tcp
afpovertcp,548,udp
afpovertcp,548,tcp
idfp,549,udp
idfp,549,tcp
cybercash,551,udp
cybercash,551,tcp
pirp,553,udp
pirp,553,tcp
rtsp,554,udp
rtsp,554,tcp
dsf,555,udp
dsf,555,tcp
remotefs,556,udp
remotefs,556,tcp
sdnskmp,558,udp
sdnskmp,558,tcp
teedtap,559,udp
teedtap,559,tcp
rmonitor,560,udp
rmonitor,560,tcp
monitor,561,udp
monitor,561,tcp
chshell,562,udp
chshell,562,tcp
nntps,563,udp
nntps,563,tcp
9pfs,564,udp
9pfs,564,tcp
whoami,565,udp
whoami,565,tcp
streettalk,566,udp
streettalk,566,tcp
meter,570,udp
meter,570,tcp
meter,571,udp
meter,571,tcp
sonar,572,udp
sonar,572,tcp
vemmi,575,udp
vemmi,575,tcp
ipcd,576,udp
ipcd,576,tcp
vnas,577,udp
vnas,577,tcp
ipdd,578,udp
ipdd,578,tcp
decbsrv,579,udp
decbsrv,579,tcp
bdp,581,udp
bdp,581,tcp
keyserver,584,udp
keyserver,584,tcp
submission,587,udp
submission,587,tcp
cal,588,udp
cal,588,tcp
eyelink,589,udp
eyelink,589,tcp
tpip,594,udp
tpip,594,tcp
smsd,596,udp
smsd,596,tcp
ptcnameservice,597,udp
ptcnameservice,597,tcp
acp,599,udp
acp,599,tcp
ipcserver,600,udp
ipcserver,600,tcp
idxp,603,udp
idxp,603,tcp
tunnel,604,udp
tunnel,604,tcp
urm,606,udp
urm,606,tcp
nqs,607,udp
nqs,607,tcp
sshell,614,udp
sshell,614,tcp
collaborator,622,udp
collaborator,622,tcp
cryptoadmin,624,udp
cryptoadmin,624,tcp
dec_dlm,625,udp
dec_dlm,625,tcp
asia,626,udp
asia,626,tcp
qmqp,628,udp
qmqp,628,tcp
rda,630,udp
rda,630,tcp
ipp,631,udp
ipp,631,tcp
bmpp,632,udp
bmpp,632,tcp
servstat,633,udp
servstat,633,tcp
ginad,634,udp
ginad,634,tcp
rlzdbase,635,udp
rlzdbase,635,tcp
ldaps,636,udp
ldaps,636,tcp
lanserver,637,udp
lanserver,637,tcp
msdp,639,udp
msdp,639,tcp
repcmd,641,udp
repcmd,641,tcp
sanity,643,udp
sanity,643,tcp
dwr,644,udp
dwr,644,tcp
pssc,645,udp
pssc,645,tcp
ldp,646,udp
ldp,646,tcp
rrp,648,udp
rrp,648,tcp
obex,650,udp
obex,650,tcp
repscmd,653,udp
repscmd,653,tcp
aodv,654,udp
aodv,654,tcp
tinc,655,udp
tinc,655,tcp
spmp,656,udp
spmp,656,tcp
rmc,657,udp
rmc,657,tcp
tenfold,658,udp
tenfold,658,tcp
hap,661,udp
hap,661,tcp
pftp,662,udp
pftp,662,tcp
purenoise,663,udp
purenoise,663,tcp
mdqs,666,udp
mdqs,666,tcp
disclose,667,udp
disclose,667,tcp
mecomm,668,udp
mecomm,668,tcp
meregister,669,udp
meregister,669,tcp
cimplex,673,udp
cimplex,673,tcp
acap,674,udp
acap,674,tcp
dctp,675,udp
dctp,675,tcp
vpp,677,udp
vpp,677,tcp
mrm,679,udp
mrm,679,tcp
xfr,682,udp
xfr,682,tcp
asipregistry,687,udp
asipregistry,687,tcp
nmap,689,udp
nmap,689,tcp
vatp,690,udp
vatp,690,tcp
connendp,693,udp
connendp,693,tcp
rushd,696,udp
rushd,696,tcp
uuidgen,697,udp
uuidgen,697,tcp
olsr,698,udp
olsr,698,tcp
accessnetwork,699,udp
accessnetwork,699,tcp
epp,700,tcp
epp,700,udp
lmp,701,tcp
lmp,701,udp
elcsd,704,udp
elcsd,704,tcp
agentx,705,udp
agentx,705,tcp
silc,706,udp
silc,706,tcp
tbrpf,712,tcp
tbrpf,712,udp
netviewdm1,729,udp
netviewdm1,729,tcp
netviewdm2,730,udp
netviewdm2,730,tcp
netviewdm3,731,udp
netviewdm3,731,tcp
netgw,741,udp
netgw,741,tcp
netrcs,742,udp
netrcs,742,tcp
flexlm,744,udp
flexlm,744,tcp
loadav,750,udp
rfile,750,tcp
pump,751,udp
pump,751,tcp
qrh,752,udp
qrh,752,tcp
rrh,753,udp
rrh,753,tcp
tell,754,udp
tell,754,tcp
nlogin,758,udp
nlogin,758,tcp
con,759,udp
con,759,tcp
ns,760,udp
ns,760,tcp
rxe,761,udp
rxe,761,tcp
quotad,762,udp
quotad,762,tcp
cycleserv,763,udp
cycleserv,763,tcp
omserv,764,udp
omserv,764,tcp
webster,765,udp
webster,765,tcp
phonebook,767,udp
phonebook,767,tcp
vid,769,udp
vid,769,tcp
cadlock,770,udp
cadlock,770,tcp
rtip,771,udp
rtip,771,tcp
cycleserv2,772,udp
cycleserv2,772,tcp
notify,773,udp
submit,773,tcp
acmaint_dbd,774,udp
rpasswd,774,tcp
acmaint_transd,775,udp
entomb,775,tcp
wpages,776,udp
wpages,776,tcp
wpgs,780,udp
wpgs,780,tcp
mdbs_daemon,800,udp
mdbs_daemon,800,tcp
device,801,udp
device,801,tcp
netconfsoaphttp,832,tcp
netconfsoaphttp,832,udp
netconfsoapbeep,833,tcp
netconfsoapbeep,833,udp
gdoi,848,udp
gdoi,848,tcp
iscsi,860,udp
iscsi,860,tcp
rsync,873,udp
rsync,873,tcp
iclcnet_svinfo,887,udp
iclcnet_svinfo,887,tcp
accessbuilder,888,udp
accessbuilder,888,tcp
cddbp,888,tcp
omginitialrefs,900,udp
omginitialrefs,900,tcp
smpnameres,901,udp
smpnameres,901,tcp
kink,910,tcp
kink,910,udp
ftps,990,udp
ftps,990,tcp
nas,991,udp
nas,991,tcp
telnets,992,udp
telnets,992,tcp
imaps,993,udp
imaps,993,tcp
ircs,994,udp
ircs,994,tcp
pop3s,995,udp
pop3s,995,tcp
vsinet,996,udp
vsinet,996,tcp
maitrd,997,udp
maitrd,997,tcp
puparp,998,udp
busboy,998,tcp
applix,999,udp
garcon,999,tcp
cadlock2,1000,udp
cadlock2,1000,tcp
surf,1010,udp
surf,1010,tcp
exp1,1021,tcp
exp1,1021,udp
exp2,1022,tcp
exp2,1022,udp
blackjack,1025,udp
blackjack,1025,tcp
cap,1026,udp
cap,1026,tcp
exosee,1027,udp
exosee,1027,tcp
iad1,1030,udp
iad1,1030,tcp
iad2,1031,udp
iad2,1031,tcp
iad3,1032,udp
iad3,1032,tcp
activesync,1034,udp
activesync,1034,tcp
mxxrlogin,1035,udp
mxxrlogin,1035,tcp
ams,1037,tcp
ams,1037,udp
mtqp,1038,tcp
mtqp,1038,udp
sbl,1039,tcp
sbl,1039,udp
netarx,1040,udp
netarx,1040,tcp
afrog,1042,tcp
afrog,1042,udp
dcutility,1044,tcp
dcutility,1044,udp
fpitp,1045,udp
fpitp,1045,tcp
wfremotertm,1046,tcp
wfremotertm,1046,udp
neod1,1047,udp
neod1,1047,tcp
neod2,1048,udp
neod2,1048,tcp
cma,1050,udp
cma,1050,tcp
ddt,1052,udp
ddt,1052,tcp
brvread,1054,udp
brvread,1054,tcp
ansyslmd,1055,udp
ansyslmd,1055,tcp
vfo,1056,udp
vfo,1056,tcp
startron,1057,udp
startron,1057,tcp
nim,1058,udp
nim,1058,tcp
nimreg,1059,udp
nimreg,1059,tcp
polestar,1060,udp
polestar,1060,tcp
kiosk,1061,udp
kiosk,1061,tcp
veracity,1062,udp
veracity,1062,tcp
kyoceranetdev,1063,udp
kyoceranetdev,1063,tcp
jstel,1064,udp
jstel,1064,tcp
syscomlan,1065,udp
syscomlan,1065,tcp
instl_boots,1067,udp
instl_boots,1067,tcp
instl_bootc,1068,udp
instl_bootc,1068,tcp
gmrupdateserv,1070,udp
gmrupdateserv,1070,tcp
cardax,1072,udp
cardax,1072,tcp
bridgecontrol,1073,udp
bridgecontrol,1073,tcp
fastechnologlm,1074,udp
fastechnologlm,1074,tcp
rdrmshc,1075,udp
rdrmshc,1075,tcp
imgames,1077,udp
imgames,1077,tcp
asprovatalk,1079,udp
asprovatalk,1079,tcp
socks,1080,udp
socks,1080,tcp
pvuniwien,1081,udp
pvuniwien,1081,tcp
webobjects,1085,udp
webobjects,1085,tcp
obrpd,1092,udp
obrpd,1092,tcp
proofd,1093,udp
proofd,1093,tcp
rootd,1094,udp
rootd,1094,tcp
nicelink,1095,udp
nicelink,1095,tcp
cnrprotocol,1096,udp
cnrprotocol,1096,tcp
sunclustermgr,1097,udp
sunclustermgr,1097,tcp
rmiactivation,1098,udp
rmiactivation,1098,tcp
rmiregistry,1099,udp
rmiregistry,1099,tcp
mctp,1100,udp
mctp,1100,tcp
xrl,1104,udp
xrl,1104,tcp
ftranhc,1105,udp
ftranhc,1105,tcp
lmsocialserver,1111,udp
lmsocialserver,1111,tcp
icp,1112,udp
icp,1112,tcp
sacred,1118,tcp
sacred,1118,udp
bnetgame,1119,tcp
bnetgame,1119,udp
bnetfile,1120,tcp
bnetfile,1120,udp
rmpp,1121,tcp
rmpp,1121,udp
murray,1123,udp
murray,1123,tcp
hpvmmcontrol,1124,tcp
hpvmmcontrol,1124,udp
hpvmmagent,1125,tcp
hpvmmagent,1125,udp
hpvmmdata,1126,tcp
hpvmmdata,1126,udp
saphostctrl,1128,tcp
saphostctrl,1128,udp
saphostctrls,1129,tcp
saphostctrls,1129,udp
casp,1130,tcp
casp,1130,udp
caspssl,1131,tcp
caspssl,1131,udp
dfn,1133,tcp
dfn,1133,udp
aplx,1134,tcp
aplx,1134,udp
omnivision,1135,tcp
omnivision,1135,udp
trim,1137,tcp
trim,1137,udp
autonoc,1140,tcp
autonoc,1140,udp
mxomss,1141,tcp
mxomss,1141,udp
edtools,1142,tcp
edtools,1142,udp
imyx,1143,tcp
imyx,1143,udp
fuscript,1144,tcp
fuscript,1144,udp
capioverlan,1147,tcp
capioverlan,1147,udp
bvtsonar,1149,tcp
bvtsonar,1149,udp
blaze,1150,tcp
blaze,1150,udp
unizensus,1151,tcp
unizensus,1151,udp
winpoplanmess,1152,tcp
winpoplanmess,1152,udp
resacommunity,1154,tcp
resacommunity,1154,udp
nfa,1155,udp
nfa,1155,tcp
iascontrol,1157,tcp
iascontrol,1157,udp
olsv,1160,tcp
olsv,1160,udp
sddp,1163,tcp
sddp,1163,udp
vchat,1168,udp
vchat,1168,tcp
tripwire,1169,udp
tripwire,1169,tcp
dnap,1172,tcp
dnap,1172,udp
dossier,1175,tcp
dossier,1175,udp
dkmessenger,1177,tcp
dkmessenger,1177,udp
b2n,1179,tcp
b2n,1179,udp
3comnetman,1181,tcp
3comnetman,1181,udp
accelenet,1182,tcp
accelenet,1182,udp
catchpole,1185,udp
catchpole,1185,tcp
alias,1187,tcp
alias,1187,udp
unet,1189,tcp
unet,1189,udp
gpfs,1191,tcp
gpfs,1191,udp
fiveacross,1193,tcp
fiveacross,1193,udp
openvpn,1194,tcp
openvpn,1194,udp
netmagic,1196,tcp
netmagic,1196,udp
dmidi,1199,udp
dmidi,1199,tcp
scol,1200,udp
scol,1200,tcp
caiccipc,1202,udp
caiccipc,1202,tcp
metasage,1207,udp
metasage,1207,tcp
ipcd3,1209,udp
ipcd3,1209,tcp
eoss,1210,udp
eoss,1210,tcp
lupa,1212,udp
lupa,1212,tcp
kazaa,1214,udp
kazaa,1214,tcp
etebac5,1216,udp
etebac5,1216,tcp
nerv,1222,udp
nerv,1222,tcp
tgp,1223,udp
tgp,1223,tcp
vpnz,1224,udp
vpnz,1224,tcp
slinkysearch,1225,udp
slinkysearch,1225,tcp
stgxfws,1226,udp
stgxfws,1226,tcp
dns2go,1227,udp
dns2go,1227,tcp
florence,1228,udp
florence,1228,tcp
periscope,1230,udp
periscope,1230,tcp
mosaicsyssvc1,1235,udp
mosaicsyssvc1,1235,tcp
bvcontrol,1236,udp
bvcontrol,1236,tcp
tsdos390,1237,udp
tsdos390,1237,tcp
nmsd,1239,udp
nmsd,1239,tcp
instantia,1240,udp
instantia,1240,tcp
nessus,1241,udp
nessus,1241,tcp
nmasoverip,1242,udp
nmasoverip,1242,tcp
serialgateway,1243,udp
serialgateway,1243,tcp
isbconference1,1244,udp
isbconference1,1244,tcp
isbconference2,1245,udp
isbconference2,1245,tcp
payrouter,1246,udp
payrouter,1246,tcp
visionpyramid,1247,udp
visionpyramid,1247,tcp
hermes,1248,udp
hermes,1248,tcp
mesavistaco,1249,udp
mesavistaco,1249,tcp
servergraph,1251,udp
servergraph,1251,tcp
shockwave2,1257,udp
shockwave2,1257,tcp
opennl,1258,udp
opennl,1258,tcp
mpshrsv,1261,udp
mpshrsv,1261,tcp
dka,1263,udp
dka,1263,tcp
prat,1264,udp
prat,1264,tcp
dssiapi,1265,udp
dssiapi,1265,tcp
dellpwrappks,1266,udp
dellpwrappks,1266,tcp
epc,1267,udp
epc,1267,tcp
watilapp,1269,udp
watilapp,1269,tcp
opsmgr,1270,udp
opsmgr,1270,tcp
dabew,1271,udp
dabew,1271,tcp
cspmlockmgr,1272,udp
cspmlockmgr,1272,tcp
t1distproc,1274,udp
t1distproc,1274,tcp
ivcollector,1275,udp
ivcollector,1275,tcp
ivmanager,1276,udp
ivmanager,1276,tcp
pictrography,1280,udp
pictrography,1280,tcp
healthd,1281,udp
healthd,1281,tcp
emperion,1282,udp
emperion,1282,tcp
productinfo,1283,udp
productinfo,1283,tcp
neoiface,1285,udp
neoiface,1285,tcp
netuitive,1286,udp
netuitive,1286,tcp
routematch,1287,tcp
routematch,1287,udp
navbuddy,1288,udp
navbuddy,1288,tcp
jwalkserver,1289,udp
jwalkserver,1289,tcp
winjaserver,1290,udp
winjaserver,1290,tcp
seagulllms,1291,udp
seagulllms,1291,tcp
dsdn,1292,udp
dsdn,1292,tcp
cmmdriver,1294,udp
cmmdriver,1294,tcp
ehtp,1295,udp
ehtp,1295,tcp
dproxy,1296,udp
dproxy,1296,tcp
sdproxy,1297,udp
sdproxy,1297,tcp
lpcp,1298,udp
lpcp,1298,tcp
h323hostcallsc,1300,udp
h323hostcallsc,1300,tcp
sftsrv,1303,udp
sftsrv,1303,tcp
boomerang,1304,udp
boomerang,1304,tcp
pacmand,1307,udp
pacmand,1307,tcp
odsi,1308,udp
odsi,1308,tcp
husky,1310,udp
husky,1310,tcp
rxmon,1311,udp
rxmon,1311,tcp
bmc_patroldb,1313,udp
bmc_patroldb,1313,tcp
pdps,1314,udp
pdps,1314,tcp
els,1315,udp
els,1315,tcp
krb5gatekeeper,1318,udp
krb5gatekeeper,1318,tcp
pip,1321,udp
pip,1321,tcp
novation,1322,udp
novation,1322,tcp
brcd,1323,udp
brcd,1323,tcp
wimsic,1326,udp
wimsic,1326,tcp
ultrex,1327,udp
ultrex,1327,tcp
ewall,1328,udp
ewall,1328,tcp
streetperfect,1330,udp
streetperfect,1330,tcp
intersan,1331,udp
intersan,1331,tcp
writesrv,1334,udp
writesrv,1334,tcp
ischat,1336,udp
ischat,1336,tcp
kjtsiteserver,1339,udp
kjtsiteserver,1339,tcp
naap,1340,udp
naap,1340,tcp
qubes,1341,udp
qubes,1341,tcp
esbroker,1342,udp
esbroker,1342,tcp
re101,1343,udp
re101,1343,tcp
icap,1344,udp
icap,1344,tcp
vpjp,1345,udp
vpjp,1345,tcp
sbook,1349,udp
sbook,1349,tcp
editbench,1350,udp
editbench,1350,tcp
equationbuilder,1351,udp
equationbuilder,1351,tcp
lotusnote,1352,udp
lotusnote,1352,tcp
relief,1353,udp
relief,1353,tcp
rightbrain,1354,udp
rightbrain,1354,tcp
cuillamartin,1356,udp
cuillamartin,1356,tcp
pegboard,1357,udp
pegboard,1357,tcp
connlcli,1358,udp
connlcli,1358,tcp
ftsrv,1359,udp
ftsrv,1359,tcp
mimer,1360,udp
mimer,1360,tcp
linx,1361,udp
linx,1361,tcp
timeflies,1362,udp
timeflies,1362,tcp
dcs,1367,udp
dcs,1367,tcp
screencast,1368,udp
screencast,1368,tcp
chromagrafx,1373,udp
chromagrafx,1373,tcp
molly,1374,udp
molly,1374,tcp
bytex,1375,udp
bytex,1375,tcp
cichlid,1377,udp
cichlid,1377,tcp
elan,1378,udp
elan,1378,tcp
dbreporter,1379,udp
dbreporter,1379,tcp
udt_os,1382,udp
udt_os,1382,tcp
gwha,1383,udp
gwha,1383,tcp
atex_elmd,1385,udp
atex_elmd,1385,tcp
checksum,1386,udp
checksum,1386,tcp
hiq,1410,udp
hiq,1410,tcp
af,1411,udp
af,1411,tcp
innosys,1412,udp
innosys,1412,tcp
dbstar,1415,udp
dbstar,1415,tcp
essbase,1423,udp
essbase,1423,tcp
hybrid,1424,udp
hybrid,1424,tcp
sais,1426,udp
sais,1426,tcp
mloadd,1427,udp
mloadd,1427,tcp
nms,1429,udp
nms,1429,tcp
tpdu,1430,udp
tpdu,1430,tcp
rgtp,1431,udp
rgtp,1431,tcp
saism,1436,udp
saism,1436,tcp
tabula,1437,udp
tabula,1437,tcp
peport,1449,udp
peport,1449,tcp
dwf,1450,udp
dwf,1450,tcp
infoman,1451,udp
infoman,1451,tcp
interhdl_elmd,1454,udp
interhdl_elmd,1454,tcp
dca,1456,udp
dca,1456,tcp
proshare1,1459,udp
proshare1,1459,tcp
proshare2,1460,udp
proshare2,1460,tcp
ibm_wrless_lan,1461,udp
ibm_wrless_lan,1461,tcp
nucleus,1463,udp
nucleus,1463,tcp
msl_lmd,1464,udp
msl_lmd,1464,tcp
pipes,1465,udp
pipes,1465,tcp
csdmbase,1467,udp
csdmbase,1467,tcp
csdm,1468,udp
csdm,1468,tcp
uaiact,1470,udp
uaiact,1470,tcp
csdmbase,1471,udp
csdmbase,1471,tcp
csdm,1472,udp
csdm,1472,tcp
openmath,1473,udp
openmath,1473,tcp
telefinder,1474,udp
telefinder,1474,tcp
dberegister,1479,udp
dberegister,1479,tcp
pacerforum,1480,udp
pacerforum,1480,tcp
airs,1481,udp
airs,1481,tcp
afs,1483,udp
afs,1483,tcp
confluent,1484,udp
confluent,1484,tcp
lansource,1485,udp
lansource,1485,tcp
nms_topo_serv,1486,udp
nms_topo_serv,1486,tcp
localinfosrvr,1487,udp
localinfosrvr,1487,tcp
docstor,1488,udp
docstor,1488,tcp
dmdocbroker,1489,udp
dmdocbroker,1489,tcp
anynetgateway,1491,udp
anynetgateway,1491,tcp
netmap_lm,1493,udp
netmap_lm,1493,tcp
ica,1494,udp
ica,1494,tcp
cvc,1495,udp
cvc,1495,tcp
fhc,1499,udp
fhc,1499,tcp
saiscm,1501,udp
saiscm,1501,tcp
shivadiscovery,1502,udp
shivadiscovery,1502,tcp
funkproxy,1505,udp
funkproxy,1505,tcp
utcd,1506,udp
utcd,1506,tcp
symplex,1507,udp
symplex,1507,tcp
diagmond,1508,udp
diagmond,1508,tcp
wins,1512,udp
wins,1512,tcp
vpad,1516,udp
vpad,1516,tcp
vpac,1517,udp
vpac,1517,tcp
vpvd,1518,udp
vpvd,1518,tcp
vpvc,1519,udp
vpvc,1519,tcp
ingreslock,1524,udp
ingreslock,1524,tcp
orasrv,1525,udp
orasrv,1525,tcp
tlisrv,1527,udp
tlisrv,1527,tcp
mciautoreg,1528,udp
mciautoreg,1528,tcp
coauthor,1529,udp
coauthor,1529,tcp
miroconnect,1532,udp
miroconnect,1532,tcp
rds,1540,udp
rds,1540,tcp
rds2,1541,udp
rds2,1541,tcp
aspeclmd,1544,udp
aspeclmd,1544,tcp
abbaccuray,1546,udp
abbaccuray,1546,tcp
laplink,1547,udp
laplink,1547,tcp
shivasound,1549,udp
shivahose,1549,tcp
pciarray,1552,udp
pciarray,1552,tcp
livelan,1555,udp
livelan,1555,tcp
ashwin,1556,udp
ashwin,1556,tcp
xingmpeg,1558,udp
xingmpeg,1558,tcp
web2host,1559,udp
web2host,1559,tcp
facilityview,1561,udp
facilityview,1561,tcp
pconnectmgr,1562,udp
pconnectmgr,1562,tcp
winddlb,1565,udp
winddlb,1565,tcp
corelvideo,1566,udp
corelvideo,1566,tcp
jlicelmd,1567,udp
jlicelmd,1567,tcp
tsspmap,1568,udp
tsspmap,1568,tcp
ets,1569,udp
ets,1569,tcp
orbixd,1570,udp
orbixd,1570,tcp
oraclenames,1575,udp
oraclenames,1575,tcp
msims,1582,udp
msims,1582,tcp
simbaexpress,1583,udp
simbaexpress,1583,tcp
intv,1585,udp
intv,1585,tcp
pra_elmd,1587,udp
pra_elmd,1587,tcp
vqp,1589,udp
vqp,1589,tcp
commonspace,1592,udp
commonspace,1592,tcp
sixtrak,1594,udp
sixtrak,1594,tcp
radio,1595,udp
radio,1595,tcp
picknfs,1598,udp
picknfs,1598,tcp
simbaservices,1599,udp
simbaservices,1599,tcp
issd,1600,udp
issd,1600,tcp
aas,1601,udp
aas,1601,tcp
inspect,1602,udp
inspect,1602,tcp
picodbc,1603,udp
picodbc,1603,tcp
icabrowser,1604,udp
icabrowser,1604,tcp
slp,1605,udp
slp,1605,tcp
stt,1607,udp
stt,1607,tcp
ill,1611,udp
ill,1611,tcp
skytelnet,1618,udp
skytelnet,1618,tcp
faxportwinport,1620,udp
faxportwinport,1620,tcp
softdataphone,1621,udp
softdataphone,1621,tcp
ontime,1622,udp
ontime,1622,tcp
jaleosnd,1623,udp
jaleosnd,1623,tcp
shockwave,1626,udp
shockwave,1626,tcp
oraclenet8cman,1630,udp
oraclenet8cman,1630,tcp
visitview,1631,udp
visitview,1631,tcp
pammratc,1632,udp
pammratc,1632,tcp
pammrpc,1633,udp
pammrpc,1633,tcp
loaprobe,1634,udp
loaprobe,1634,tcp
cncp,1636,udp
cncp,1636,tcp
cnap,1637,udp
cnap,1637,tcp
cnip,1638,udp
cnip,1638,tcp
invision,1641,udp
invision,1641,tcp
saiseh,1644,tcp
sightline,1645,udp
sightline,1645,tcp
rsap,1647,udp
rsap,1647,tcp
kermit,1649,udp
kermit,1649,tcp
nkd,1650,udp
nkd,1650,tcp
shiva_confsrvr,1651,udp
shiva_confsrvr,1651,tcp
xnmp,1652,udp
xnmp,1652,tcp
stargatealerts,1654,udp
stargatealerts,1654,tcp
sixnetudr,1658,udp
sixnetudr,1658,tcp
pdp,1675,udp
pdp,1675,tcp
netcomm2,1676,udp
netcomm1,1676,tcp
groupwise,1677,udp
groupwise,1677,tcp
prolink,1678,udp
prolink,1678,tcp
snaresecure,1684,udp
snaresecure,1684,tcp
n2nremote,1685,udp
n2nremote,1685,tcp
cvmon,1686,udp
cvmon,1686,tcp
firefox,1689,udp
firefox,1689,tcp
rrirtr,1693,udp
rrirtr,1693,tcp
rrimwm,1694,udp
rrimwm,1694,tcp
rrilwm,1695,udp
rrilwm,1695,tcp
rrifmm,1696,udp
rrifmm,1696,tcp
rrisat,1697,udp
rrisat,1697,tcp
l2f,1701,udp
l2f,1701,tcp
deskshare,1702,udp
deskshare,1702,tcp
slingshot,1705,udp
slingshot,1705,tcp
jetform,1706,udp
jetform,1706,tcp
vdmplay,1707,udp
vdmplay,1707,tcp
centra,1709,udp
centra,1709,tcp
impera,1710,udp
impera,1710,tcp
pptconference,1711,udp
pptconference,1711,tcp
registrar,1712,udp
registrar,1712,tcp
conferencetalk,1713,udp
conferencetalk,1713,tcp
xmsg,1716,udp
xmsg,1716,tcp
h323gatedisc,1718,udp
h323gatedisc,1718,tcp
h323gatestat,1719,udp
h323gatestat,1719,tcp
h323hostcall,1720,udp
h323hostcall,1720,tcp
caicci,1721,udp
caicci,1721,tcp
pptp,1723,udp
pptp,1723,tcp
csbphonemaster,1724,udp
csbphonemaster,1724,tcp
iberiagames,1726,udp
iberiagames,1726,tcp
winddx,1727,udp
winddx,1727,tcp
telindus,1728,udp
telindus,1728,tcp
citynl,1729,udp
citynl,1729,tcp
roketz,1730,udp
roketz,1730,tcp
msiccp,1731,udp
msiccp,1731,tcp
proxim,1732,udp
proxim,1732,tcp
siipat,1733,udp
siipat,1733,tcp
privatechat,1735,udp
privatechat,1735,tcp
ultimad,1737,udp
ultimad,1737,tcp
gamegen1,1738,udp
gamegen1,1738,tcp
webaccess,1739,udp
webaccess,1739,tcp
encore,1740,udp
encore,1740,tcp
sslp,1750,udp
sslp,1750,tcp
swiftnet,1751,udp
swiftnet,1751,tcp
cnhrp,1757,udp
cnhrp,1757,tcp
vaultbase,1771,udp
vaultbase,1771,tcp
kmscontrol,1773,udp
kmscontrol,1773,tcp
femis,1776,udp
femis,1776,tcp
powerguardian,1777,udp
powerguardian,1777,tcp
pharmasoft,1779,udp
pharmasoft,1779,tcp
dpkeyserv,1780,udp
dpkeyserv,1780,tcp
windlm,1785,udp
windlm,1785,tcp
psmond,1788,udp
psmond,1788,tcp
hello,1789,udp
hello,1789,tcp
nmsp,1790,udp
nmsp,1790,tcp
ea1,1791,udp
ea1,1791,tcp
uma,1797,udp
uma,1797,tcp
etp,1798,udp
etp,1798,tcp
netrisk,1799,udp
netrisk,1799,tcp
msmq,1801,udp
msmq,1801,tcp
concomp1,1802,udp
concomp1,1802,tcp
enl,1804,udp
enl,1804,tcp
musiconline,1806,udp
musiconline,1806,tcp
fhsp,1807,udp
fhsp,1807,tcp
radius,1812,udp
radius,1812,tcp
mmpft,1815,udp
mmpft,1815,tcp
harp,1816,udp
harp,1816,tcp
etftp,1818,udp
etftp,1818,tcp
mcagent,1820,udp
mcagent,1820,tcp
donnyworld,1821,udp
donnyworld,1821,tcp
ardt,1826,udp
ardt,1826,tcp
asi,1827,udp
asi,1827,tcp
myrtle,1831,udp
myrtle,1831,tcp
udpradio,1833,udp
udpradio,1833,tcp
ardusuni,1834,udp
ardusuni,1834,tcp
ardusmul,1835,udp
ardusmul,1835,tcp
csoft1,1837,udp
csoft1,1837,tcp
talnet,1838,udp
talnet,1838,tcp
altalink,1845,udp
altalink,1845,tcp
fjdocdist,1848,udp
fjdocdist,1848,tcp
gsi,1850,udp
gsi,1850,tcp
ctcd,1851,udp
ctcd,1851,tcp
datacaptor,1857,udp
datacaptor,1857,tcp
privateark,1858,udp
privateark,1858,tcp
gammafetchsvr,1859,udp
gammafetchsvr,1859,tcp
msnp,1863,udp
msnp,1863,tcp
entp,1865,udp
entp,1865,tcp
swrmi,1866,udp
swrmi,1866,tcp
udrive,1867,udp
udrive,1867,tcp
viziblebrowser,1868,udp
viziblebrowser,1868,tcp
yestrader,1869,udp
yestrader,1869,tcp
canocentral0,1871,udp
canocentral0,1871,tcp
canocentral1,1872,udp
canocentral1,1872,tcp
fjmpjps,1873,udp
fjmpjps,1873,tcp
fjswapsnp,1874,udp
fjswapsnp,1874,tcp
ewcappsrv,1876,udp
ewcappsrv,1876,tcp
drmsmc,1878,udp
drmsmc,1878,tcp
ecsqdmn,1882,udp
ecsqdmn,1882,tcp
idmaps,1884,udp
idmaps,1884,tcp
vrtstrapserver,1885,udp
vrtstrapserver,1885,tcp
leoip,1886,udp
leoip,1886,tcp
ncconfig,1888,udp
ncconfig,1888,tcp
wilkenlistener,1890,udp
wilkenlistener,1890,tcp
elad,1893,udp
elad,1893,tcp
metaagent,1897,udp
metaagent,1897,tcp
mc2studios,1899,udp
mc2studios,1899,tcp
ssdp,1900,udp
ssdp,1900,tcp
linkname,1903,udp
linkname,1903,tcp
sugp,1905,udp
sugp,1905,tcp
tpmd,1906,udp
tpmd,1906,tcp
intrastar,1907,udp
intrastar,1907,tcp
dawn,1908,udp
dawn,1908,tcp
ultrabac,1910,udp
ultrabac,1910,tcp
mtp,1911,udp
mtp,1911,tcp
armadp,1913,udp
armadp,1913,tcp
facelink,1915,udp
facelink,1915,tcp
persona,1916,udp
persona,1916,tcp
noagent,1917,udp
noagent,1917,tcp
noadmin,1921,udp
noadmin,1921,tcp
tapestry,1922,udp
tapestry,1922,tcp
spice,1923,udp
spice,1923,tcp
xiip,1924,udp
xiip,1924,tcp
egs,1926,udp
egs,1926,tcp
driveappserver,1930,udp
driveappserver,1930,tcp
amdsched,1931,udp
amdsched,1931,tcp
xmapi,1933,udp
xmapi,1933,tcp
xaapi,1934,udp
xaapi,1934,tcp
jetcmeserver,1936,udp
jetcmeserver,1936,tcp
jwserver,1937,udp
jwserver,1937,tcp
jwclient,1938,udp
jwclient,1938,tcp
jvserver,1939,udp
jvserver,1939,tcp
jvclient,1940,udp
jvclient,1940,tcp
res,1942,udp
res,1942,tcp
tekpls,1946,udp
tekpls,1946,tcp
hlserver,1947,udp
hlserver,1947,tcp
eye2eye,1948,udp
eye2eye,1948,tcp
ismaeasdaqlive,1949,udp
ismaeasdaqlive,1949,tcp
ismaeasdaqtest,1950,udp
ismaeasdaqtest,1950,tcp
mpnjsc,1952,udp
mpnjsc,1952,tcp
rapidbase,1953,udp
rapidbase,1953,tcp
dxadmind,1958,udp
dxadmind,1958,tcp
nasmanager,1960,udp
nasmanager,1960,tcp
webmachine,1963,udp
webmachine,1963,tcp
slush,1966,udp
slush,1966,tcp
lipsinc,1968,udp
lipsinc,1968,tcp
lipsinc1,1969,udp
lipsinc1,1969,tcp
dlsrap,1973,udp
dlsrap,1973,tcp
drp,1974,udp
drp,1974,tcp
tcoflashagent,1975,udp
tcoflashagent,1975,tcp
tcoregagent,1976,udp
tcoregagent,1976,tcp
tcoaddressbook,1977,udp
tcoaddressbook,1977,tcp
unisql,1978,udp
unisql,1978,tcp
p2pq,1981,udp
p2pq,1981,tcp
estamp,1982,udp
estamp,1982,tcp
lhtp,1983,udp
lhtp,1983,tcp
bb,1984,udp
bb,1984,tcp
hsrp,1985,udp
hsrp,1985,tcp
licensedaemon,1986,udp
licensedaemon,1986,tcp
mshnet,1989,udp
mshnet,1989,tcp
ipsendmsg,1992,udp
ipsendmsg,1992,tcp
callbook,2000,udp
callbook,2000,tcp
wizard,2001,udp
dc,2001,tcp
globe,2002,udp
globe,2002,tcp
emce,2004,udp
mailbox,2004,tcp
oracle,2005,udp
berknet,2005,tcp
invokator,2006,tcp
dectalk,2007,tcp
terminaldb,2008,udp
conf,2008,tcp
whosockami,2009,udp
news,2009,tcp
pipe_server,2010,udp
search,2010,tcp
servserv,2011,udp
ttyinfo,2012,tcp
troff,2014,tcp
cypress,2015,tcp
bootserver,2016,udp
bootserver,2016,tcp
bootclient,2017,udp
rellpack,2018,udp
terminaldb,2018,tcp
about,2019,udp
whosockami,2019,tcp
xinupageserver,2020,udp
xinupageserver,2020,tcp
xinuexpansion1,2021,udp
servexec,2021,tcp
xinuexpansion2,2022,udp
down,2022,tcp
xinuexpansion3,2023,udp
xinuexpansion3,2023,tcp
xinuexpansion4,2024,udp
xinuexpansion4,2024,tcp
xribs,2025,udp
ellpack,2025,tcp
scrabble,2026,udp
scrabble,2026,tcp
shadowserver,2027,udp
shadowserver,2027,tcp
submitserver,2028,udp
submitserver,2028,tcp
hsrpv6,2029,tcp
hsrpv6,2029,udp
device2,2030,udp
device2,2030,tcp
blackboard,2032,udp
blackboard,2032,tcp
glogger,2033,udp
glogger,2033,tcp
scoremgr,2034,udp
scoremgr,2034,tcp
imsldoc,2035,udp
imsldoc,2035,tcp
p2plus,2037,udp
p2plus,2037,tcp
objectmanager,2038,udp
objectmanager,2038,tcp
prizma,2039,tcp
prizma,2039,udp
lam,2040,udp
lam,2040,tcp
interbase,2041,udp
interbase,2041,tcp
isis,2042,udp
isis,2042,tcp
rimsl,2044,udp
rimsl,2044,tcp
cdfunc,2045,udp
cdfunc,2045,tcp
sdfunc,2046,udp
sdfunc,2046,tcp
dls,2047,udp
dls,2047,tcp
nfsd,2049,tcp
nfsd,2049,udp
epnsdp,2051,udp
epnsdp,2051,tcp
clearvisn,2052,udp
clearvisn,2052,tcp
weblogin,2054,udp
weblogin,2054,tcp
iop,2055,udp
iop,2055,tcp
omnisky,2056,udp
omnisky,2056,tcp
newwavesearch,2058,udp
newwavesearch,2058,tcp
teleniumdaemon,2060,udp
teleniumdaemon,2060,tcp
netmount,2061,udp
netmount,2061,tcp
dlsrpn,2065,udp
dlsrpn,2065,tcp
aura,2066,tcp
aura,2066,udp
dlswpn,2067,udp
dlswpn,2067,tcp
avauthsrvprtcl,2068,udp
avauthsrvprtcl,2068,tcp
msync,2072,udp
msync,2072,tcp
newlixengine,2075,udp
newlixengine,2075,tcp
newlixconfig,2076,udp
newlixconfig,2076,tcp
trellisagt,2077,udp
trellisagt,2077,tcp
trellissvr,2078,udp
trellissvr,2078,tcp
infowave,2082,udp
infowave,2082,tcp
radsec,2083,tcp
radsec,2083,udp
sunclustergeo,2084,tcp
sunclustergeo,2084,udp
gnunet,2086,udp
gnunet,2086,tcp
eli,2087,udp
eli,2087,tcp
sep,2089,udp
sep,2089,tcp
lrp,2090,udp
lrp,2090,tcp
prp,2091,udp
prp,2091,tcp
descent3,2092,udp
descent3,2092,tcp
jetformpreview,2097,udp
jetformpreview,2097,tcp
amiganetfs,2100,udp
amiganetfs,2100,tcp
minipay,2105,udp
minipay,2105,tcp
mzap,2106,udp
mzap,2106,tcp
comcam,2108,udp
comcam,2108,tcp
ergolight,2109,udp
ergolight,2109,tcp
umsp,2110,udp
umsp,2110,tcp
dsatp,2111,udp
dsatp,2111,tcp
newheights,2114,udp
newheights,2114,tcp
kdm,2115,udp
kdm,2115,tcp
ccowcmr,2116,udp
ccowcmr,2116,tcp
mentaclient,2117,udp
mentaclient,2117,tcp
mentaserver,2118,udp
mentaserver,2118,tcp
gsigatekeeper,2119,udp
gsigatekeeper,2119,tcp
qencp,2120,udp
qencp,2120,tcp
elatelink,2124,udp
elatelink,2124,tcp
lockstep,2125,udp
lockstep,2125,tcp
avantageb2b,2131,udp
avantageb2b,2131,tcp
avenue,2134,udp
avenue,2134,tcp
gris,2135,udp
gris,2135,tcp
appworxsrv,2136,udp
appworxsrv,2136,tcp
connect,2137,udp
connect,2137,tcp
acptsys,2149,udp
acptsys,2149,tcp
dynamic3d,2150,udp
dynamic3d,2150,tcp
docent,2151,udp
docent,2151,tcp
gdbremote,2159,udp
gdbremote,2159,tcp
navisphere,2162,udp
navisphere,2162,tcp
iwserver,2166,udp
iwserver,2166,tcp
brain,2169,tcp
brain,2169,udp
eyetv,2170,tcp
eyetv,2170,udp
airsync,2175,tcp
airsync,2175,udp
rapi,2176,tcp
rapi,2176,udp
qwave,2177,tcp
qwave,2177,udp
bitspeer,2178,tcp
bitspeer,2178,udp
eforward,2181,udp
eforward,2181,tcp
nvd,2184,tcp
nvd,2184,udp
tivoconnect,2190,udp
tivoconnect,2190,tcp
tvbus,2191,udp
tvbus,2191,tcp
asdis,2192,tcp
asdis,2192,udp
ici,2200,udp
ici,2200,tcp
ats,2201,udp
ats,2201,tcp
jps,2205,tcp
jps,2205,udp
hpocbus,2206,tcp
hpocbus,2206,udp
hpssd,2207,tcp
hpssd,2207,udp
hpiod,2208,tcp
hpiod,2208,udp
kali,2213,udp
kali,2213,tcp
rpi,2214,tcp
rpi,2214,udp
ipcore,2215,tcp
ipcore,2215,udp
gotodevice,2217,tcp
gotodevice,2217,udp
bounzza,2218,tcp
bounzza,2218,udp
netiq,2220,udp
netiq,2220,tcp
datalens,2229,tcp
datalens,2229,udp
queueadm,2230,tcp
queueadm,2230,udp
wimaxasncp,2231,tcp
wimaxasncp,2231,udp
infocrypt,2233,udp
infocrypt,2233,tcp
directplay,2234,udp
directplay,2234,tcp
nani,2236,udp
nani,2236,tcp
imagequery,2239,udp
imagequery,2239,tcp
recipe,2240,udp
recipe,2240,tcp
ivsd,2241,udp
ivsd,2241,tcp
foliocorp,2242,udp
foliocorp,2242,tcp
magicom,2243,udp
magicom,2243,tcp
nmsserver,2244,udp
nmsserver,2244,tcp
hao,2245,udp
hao,2245,tcp
antidotemgrsvr,2247,tcp
antidotemgrsvr,2247,udp
ums,2248,udp
ums,2248,tcp
rfmp,2249,udp
rfmp,2249,tcp
seispoc,2254,udp
seispoc,2254,tcp
vrtp,2255,udp
vrtp,2255,tcp
rcts,2258,tcp
rcts,2258,udp
comotionmaster,2261,tcp
comotionmaster,2261,udp
comotionback,2262,tcp
comotionback,2262,udp
ecwcfg,2263,tcp
ecwcfg,2263,udp
mfserver,2266,tcp
mfserver,2266,udp
ontobroker,2267,tcp
ontobroker,2267,udp
amt,2268,tcp
amt,2268,udp
mikey,2269,tcp
mikey,2269,udp
starschool,2270,tcp
starschool,2270,udp
mmcals,2271,tcp
mmcals,2271,udp
mmcal,2272,tcp
mmcal,2272,udp
pcttunnell,2274,tcp
pcttunnell,2274,udp
bluectrlproxy,2277,tcp
bluectrlproxy,2277,udp
s3db,2278,tcp
s3db,2278,udp
xmquery,2279,udp
xmquery,2279,tcp
lnvpoller,2280,udp
lnvpoller,2280,tcp
lnvconsole,2281,udp
lnvconsole,2281,tcp
lnvalarm,2282,udp
lnvalarm,2282,tcp
lnvstatus,2283,udp
lnvstatus,2283,tcp
lnvmaps,2284,udp
lnvmaps,2284,tcp
lnvmailmon,2285,udp
lnvmailmon,2285,tcp
dna,2287,udp
dna,2287,tcp
netml,2288,udp
netml,2288,tcp
eapsp,2291,tcp
eapsp,2291,udp
npdbgmngr,2293,tcp
npdbgmngr,2293,udp
cvmmon,2300,udp
cvmmon,2300,tcp
binderysupport,2302,udp
binderysupport,2302,tcp
pehelp,2307,udp
pehelp,2307,tcp
sdhelp,2308,udp
sdhelp,2308,tcp
sdserver,2309,udp
sdserver,2309,tcp
sdclient,2310,udp
sdclient,2310,tcp
messageservice,2311,udp
messageservice,2311,tcp
wanscaler,2312,tcp
wanscaler,2312,udp
iapp,2313,udp
iapp,2313,tcp
cadencecontrol,2318,udp
cadencecontrol,2318,tcp
infolibria,2319,udp
infolibria,2319,tcp
rdlap,2321,udp
rdlap,2321,tcp
ofsd,2322,udp
ofsd,2322,tcp
cosmocall,2324,udp
cosmocall,2324,tcp
idcp,2326,udp
idcp,2326,tcp
xingcsm,2327,udp
xingcsm,2327,tcp
nvd,2329,udp
nvd,2329,tcp
tscchat,2330,udp
tscchat,2330,tcp
agentview,2331,udp
agentview,2331,tcp
snapp,2333,udp
snapp,2333,tcp
appleugcontrol,2336,udp
appleugcontrol,2336,tcp
ideesrv,2337,udp
ideesrv,2337,tcp
wrs_registry,2340,udp
wrs_registry,2340,tcp
xiostatus,2341,udp
xiostatus,2341,tcp
fcmsys,2344,udp
fcmsys,2344,tcp
dbm,2345,udp
dbm,2345,tcp
redstorm_join,2346,udp
redstorm_join,2346,tcp
redstorm_find,2347,udp
redstorm_find,2347,tcp
redstorm_info,2348,udp
redstorm_info,2348,tcp
redstorm_diag,2349,udp
redstorm_diag,2349,tcp
psbserver,2350,udp
psbserver,2350,tcp
psrserver,2351,udp
psrserver,2351,tcp
pslserver,2352,udp
pslserver,2352,tcp
pspserver,2353,udp
pspserver,2353,tcp
psprserver,2354,udp
psprserver,2354,tcp
psdbserver,2355,udp
psdbserver,2355,tcp
gxtelmd,2356,udp
gxtelmd,2356,tcp
futrix,2358,udp
futrix,2358,tcp
flukeserver,2359,udp
flukeserver,2359,tcp
nexstorindltd,2360,udp
nexstorindltd,2360,tcp
tl1,2361,udp
tl1,2361,tcp
digiman,2362,udp
digiman,2362,tcp
mediacntrlnfsd,2363,udp
mediacntrlnfsd,2363,tcp
dbref,2365,udp
dbref,2365,tcp
opentable,2368,udp
opentable,2368,tcp
worldwire,2371,udp
worldwire,2371,tcp
virtualtape,2386,udp
virtualtape,2386,tcp
vsamredirector,2387,udp
vsamredirector,2387,tcp
mynahautostart,2388,udp
mynahautostart,2388,tcp
ovsessionmgr,2389,udp
ovsessionmgr,2389,tcp
rsmtp,2390,udp
rsmtp,2390,tcp
tacticalauth,2392,udp
tacticalauth,2392,tcp
lan900_remote,2395,udp
lan900_remote,2395,tcp
wusage,2396,udp
wusage,2396,tcp
ncl,2397,udp
ncl,2397,tcp
orbiter,2398,udp
orbiter,2398,tcp
cvspserver,2401,udp
cvspserver,2401,tcp
taskmaster2000,2402,udp
taskmaster2000,2402,tcp
taskmaster2000,2403,udp
taskmaster2000,2403,tcp
jediserver,2406,udp
jediserver,2406,tcp
orion,2407,udp
orion,2407,tcp
optimanet,2408,udp
optimanet,2408,tcp
cdn,2412,udp
cdn,2412,tcp
beeyond,2414,udp
beeyond,2414,tcp
rmtserver,2416,udp
rmtserver,2416,tcp
cas,2418,udp
cas,2418,tcp
crmsbits,2422,udp
crmsbits,2422,tcp
rnrp,2423,udp
rnrp,2423,tcp
fjitsuappmgr,2425,udp
fjitsuappmgr,2425,tcp
ott,2428,udp
ott,2428,tcp
venus,2430,udp
venus,2430,tcp
codasrv,2432,udp
codasrv,2432,tcp
optilogic,2435,udp
optilogic,2435,tcp
topx,2436,udp
topx,2436,tcp
unicontrol,2437,udp
unicontrol,2437,tcp
msp,2438,udp
msp,2438,tcp
sybasedbsynch,2439,udp
sybasedbsynch,2439,tcp
spearway,2440,udp
spearway,2440,tcp
netangel,2442,udp
netangel,2442,tcp
powerclientcsf,2443,udp
powerclientcsf,2443,tcp
btpp2sectrans,2444,udp
btpp2sectrans,2444,tcp
dtn1,2445,udp
dtn1,2445,tcp
bues_service,2446,udp
bues_service,2446,tcp
ovwdb,2447,udp
ovwdb,2447,tcp
hpppssvr,2448,udp
hpppssvr,2448,tcp
ratl,2449,udp
ratl,2449,tcp
netadmin,2450,udp
netadmin,2450,tcp
netchat,2451,udp
netchat,2451,tcp
snifferclient,2452,udp
snifferclient,2452,tcp
griffin,2458,udp
griffin,2458,tcp
community,2459,udp
community,2459,tcp
qadmifoper,2461,udp
qadmifoper,2461,tcp
qadmifevent,2462,udp
qadmifevent,2462,tcp
lbm,2465,udp
lbm,2465,tcp
lbf,2466,udp
lbf,2466,tcp
seaodbc,2471,udp
seaodbc,2471,tcp
c3,2472,udp
c3,2472,tcp
vitalanalysis,2474,udp
vitalanalysis,2474,tcp
lingwood,2480,udp
lingwood,2480,tcp
giop,2481,udp
giop,2481,tcp
ttc,2483,udp
ttc,2483,tcp
netobjects1,2485,udp
netobjects1,2485,tcp
netobjects2,2486,udp
netobjects2,2486,tcp
pns,2487,udp
pns,2487,tcp
tsilb,2489,udp
tsilb,2489,tcp
groove,2492,udp
groove,2492,tcp
dirgis,2496,udp
dirgis,2496,tcp
quaddb,2497,udp
quaddb,2497,tcp
unicontrol,2499,udp
unicontrol,2499,tcp
rtsserv,2500,udp
rtsserv,2500,tcp
rtsclient,2501,udp
rtsclient,2501,tcp
wlbs,2504,udp
wlbs,2504,tcp
ppcontrol,2505,tcp
ppcontrol,2505,udp
jbroker,2506,udp
jbroker,2506,tcp
spock,2507,udp
spock,2507,tcp
jdatastore,2508,udp
jdatastore,2508,tcp
fjmpss,2509,udp
fjmpss,2509,tcp
fjappmgrbulk,2510,udp
fjappmgrbulk,2510,tcp
metastorm,2511,udp
metastorm,2511,tcp
citrixima,2512,udp
citrixima,2512,tcp
citrixadmin,2513,udp
citrixadmin,2513,tcp
maincontrol,2516,udp
maincontrol,2516,tcp
willy,2518,udp
willy,2518,tcp
globmsgsvc,2519,udp
globmsgsvc,2519,tcp
pvsw,2520,udp
pvsw,2520,tcp
adaptecmgr,2521,udp
adaptecmgr,2521,tcp
windb,2522,udp
windb,2522,tcp
iqserver,2527,udp
iqserver,2527,tcp
ncr_ccl,2528,udp
ncr_ccl,2528,tcp
utsftp,2529,udp
utsftp,2529,tcp
vrcommerce,2530,udp
vrcommerce,2530,tcp
ovtopmd,2532,udp
ovtopmd,2532,tcp
snifferserver,2533,udp
snifferserver,2533,tcp
madcap,2535,udp
madcap,2535,tcp
btpp2audctr1,2536,udp
btpp2audctr1,2536,tcp
upgrade,2537,udp
upgrade,2537,tcp
vsiadmin,2539,udp
vsiadmin,2539,tcp
lonworks,2540,udp
lonworks,2540,tcp
lonworks2,2541,udp
lonworks2,2541,tcp
davinci,2542,udp
davinci,2542,tcp
reftek,2543,udp
reftek,2543,tcp
vytalvaultbrtp,2546,udp
vytalvaultbrtp,2546,tcp
vytalvaultvsmp,2547,udp
vytalvaultvsmp,2547,tcp
vytalvaultpipe,2548,udp
vytalvaultpipe,2548,tcp
ipass,2549,udp
ipass,2549,tcp
ads,2550,udp
ads,2550,tcp
efidiningport,2553,udp
efidiningport,2553,tcp
pclemultimedia,2558,udp
pclemultimedia,2558,tcp
lstp,2559,udp
lstp,2559,tcp
labrat,2560,udp
labrat,2560,tcp
mosaixcc,2561,udp
mosaixcc,2561,tcp
delibo,2562,udp
delibo,2562,tcp
clp,2567,udp
clp,2567,tcp
spamtrap,2568,udp
spamtrap,2568,tcp
sonuscallsig,2569,udp
sonuscallsig,2569,tcp
cecsvc,2571,udp
cecsvc,2571,tcp
ibp,2572,udp
ibp,2572,tcp
trustestablish,2573,udp
trustestablish,2573,tcp
hl7,2575,udp
hl7,2575,tcp
tclprodebugger,2576,udp
tclprodebugger,2576,tcp
scipticslsrvr,2577,udp
scipticslsrvr,2577,tcp
mpfoncl,2579,udp
mpfoncl,2579,tcp
tributary,2580,udp
tributary,2580,tcp
mon,2583,udp
mon,2583,tcp
cyaserv,2584,udp
cyaserv,2584,tcp
masc,2587,udp
masc,2587,tcp
privilege,2588,udp
privilege,2588,tcp
idotdist,2590,udp
idotdist,2590,tcp
maytagshuffle,2591,udp
maytagshuffle,2591,tcp
netrek,2592,udp
netrek,2592,tcp
dts,2594,udp
dts,2594,tcp
worldfusion1,2595,udp
worldfusion1,2595,tcp
worldfusion2,2596,udp
worldfusion2,2596,tcp
homesteadglory,2597,udp
homesteadglory,2597,tcp
citriximaclient,2598,udp
citriximaclient,2598,tcp
snapd,2599,udp
snapd,2599,tcp
hpstgmgr,2600,udp
hpstgmgr,2600,tcp
servicemeter,2603,udp
servicemeter,2603,tcp
netmon,2606,udp
netmon,2606,tcp
connection,2607,udp
connection,2607,tcp
lionhead,2611,udp
lionhead,2611,tcp
smntubootstrap,2613,udp
smntubootstrap,2613,tcp
neveroffline,2614,udp
neveroffline,2614,tcp
firepower,2615,udp
firepower,2615,tcp
cmadmin,2617,udp
cmadmin,2617,tcp
bruce,2619,udp
bruce,2619,tcp
lpsrecommender,2620,udp
lpsrecommender,2620,tcp
metricadbc,2622,udp
metricadbc,2622,tcp
lmdp,2623,udp
lmdp,2623,tcp
aria,2624,udp
aria,2624,tcp
gbjd816,2626,udp
gbjd816,2626,tcp
moshebeeri,2627,udp
moshebeeri,2627,tcp
dict,2628,udp
dict,2628,tcp
sitaraserver,2629,udp
sitaraserver,2629,tcp
sitaramgmt,2630,udp
sitaramgmt,2630,tcp
sitaradir,2631,udp
sitaradir,2631,tcp
interintelli,2633,udp
interintelli,2633,tcp
backburner,2635,udp
backburner,2635,tcp
solve,2636,udp
solve,2636,tcp
imdocsvc,2637,udp
imdocsvc,2637,tcp
sybaseanywhere,2638,udp
sybaseanywhere,2638,tcp
aminet,2639,udp
aminet,2639,tcp
sai_sentlm,2640,udp
sai_sentlm,2640,tcp
tragic,2642,udp
tragic,2642,tcp
syncserver,2647,udp
syncserver,2647,tcp
upsnotifyprot,2648,udp
upsnotifyprot,2648,tcp
vpsipport,2649,udp
vpsipport,2649,tcp
eristwoguns,2650,udp
eristwoguns,2650,tcp
ebinsite,2651,udp
ebinsite,2651,tcp
interpathpanel,2652,udp
interpathpanel,2652,tcp
sonus,2653,udp
sonus,2653,tcp
corel_vncadmin,2654,udp
corel_vncadmin,2654,tcp
unglue,2655,udp
unglue,2655,tcp
kana,2656,udp
kana,2656,tcp
gcmonitor,2660,udp
gcmonitor,2660,tcp
olhost,2661,udp
olhost,2661,tcp
extensis,2666,udp
extensis,2666,tcp
toad,2669,udp
toad,2669,tcp
newlixreg,2671,udp
newlixreg,2671,tcp
nhserver,2672,udp
nhserver,2672,tcp
firstcall42,2673,udp
firstcall42,2673,tcp
ewnn,2674,udp
ewnn,2674,tcp
simslink,2676,udp
simslink,2676,tcp
gadgetgate1way,2677,udp
gadgetgate1way,2677,tcp
gadgetgate2way,2678,udp
gadgetgate2way,2678,tcp
syncserverssl,2679,udp
syncserverssl,2679,tcp
mpnjsomb,2681,udp
mpnjsomb,2681,tcp
ncdloadbalance,2683,udp
ncdloadbalance,2683,tcp
mpnjsosv,2684,udp
mpnjsosv,2684,tcp
mpnjsocl,2685,udp
mpnjsocl,2685,tcp
mpnjsomg,2686,udp
mpnjsomg,2686,tcp
fastlynx,2689,udp
fastlynx,2689,tcp
itinternet,2691,udp
itinternet,2691,tcp
pwrsevent,2694,udp
pwrsevent,2694,tcp
vspread,2695,udp
vspread,2695,tcp
unifyadmin,2696,udp
unifyadmin,2696,tcp
tqdata,2700,udp
tqdata,2700,tcp
ncdmirroring,2706,udp
ncdmirroring,2706,tcp
emcsymapiport,2707,udp
emcsymapiport,2707,tcp
supermon,2709,udp
supermon,2709,tcp
aocp,2712,udp
aocp,2712,tcp
raven1,2713,udp
raven1,2713,tcp
raven2,2714,udp
raven2,2714,tcp
hpstgmgr2,2715,udp
hpstgmgr2,2715,tcp
wkars,2720,udp
wkars,2720,tcp
proactivesrvr,2722,udp
proactivesrvr,2722,tcp
watchdognt,2723,udp
watchdognt,2723,tcp
qotps,2724,udp
qotps,2724,tcp
tams,2726,udp
tams,2726,tcp
sqdr,2728,udp
sqdr,2728,tcp
g5m,2732,udp
g5m,2732,tcp
alarm,2740,udp
alarm,2740,tcp
tsb,2741,udp
tsb,2741,tcp
tsb2,2742,udp
tsb2,2742,tcp
murx,2743,udp
murx,2743,tcp
honyaku,2744,udp
honyaku,2744,tcp
urbisnet,2745,udp
urbisnet,2745,tcp
cpudpencap,2746,udp
cpudpencap,2746,tcp
rsisysaccess,2752,udp
rsisysaccess,2752,tcp
expresspay,2755,udp
expresspay,2755,tcp
cnrp,2757,udp
cnrp,2757,tcp
sabams,2760,udp
sabams,2760,tcp
uadtc,2767,udp
uadtc,2767,tcp
uacs,2768,udp
uacs,2768,tcp
veronica,2770,udp
veronica,2770,tcp
vergencecm,2771,udp
vergencecm,2771,tcp
auris,2772,udp
auris,2772,tcp
rbakcup1,2773,udp
rbakcup1,2773,tcp
rbakcup2,2774,udp
rbakcup2,2774,tcp
smpp,2775,udp
smpp,2775,tcp
ridgeway1,2776,udp
ridgeway1,2776,tcp
ridgeway2,2777,udp
ridgeway2,2777,tcp
whosells,2781,udp
whosells,2781,tcp
everydayrc,2782,udp
everydayrc,2782,tcp
aises,2783,udp
aises,2783,tcp
piccolo,2787,udp
piccolo,2787,tcp
fryeserv,2788,udp
fryeserv,2788,tcp
plgproxy,2790,udp
plgproxy,2790,tcp
initlsmsad,2793,udp
initlsmsad,2793,tcp
aaftp,2794,udp
aaftp,2794,tcp
livestats,2795,udp
livestats,2795,tcp
igcp,2801,udp
igcp,2801,tcp
btprjctrl,2803,udp
btprjctrl,2803,tcp
cspuni,2806,udp
cspuni,2806,tcp
cspmulti,2807,udp
cspmulti,2807,tcp
corbaloc,2809,udp
corbaloc,2809,tcp
netsteward,2810,udp
netsteward,2810,tcp
gsiftp,2811,udp
gsiftp,2811,tcp
atmtcp,2812,udp
atmtcp,2812,tcp
nmsigport,2817,udp
nmsigport,2817,tcp
rmlnk,2818,udp
rmlnk,2818,tcp
univision,2820,udp
univision,2820,tcp
ka0wuc,2822,udp
ka0wuc,2822,tcp
silkp1,2829,udp
silkp1,2829,tcp
silkp2,2830,udp
silkp2,2830,tcp
silkp3,2831,udp
silkp3,2831,tcp
silkp4,2832,udp
silkp4,2832,tcp
glishd,2833,udp
glishd,2833,tcp
evtp,2834,udp
evtp,2834,tcp
catalyst,2836,udp
catalyst,2836,tcp
repliweb,2837,udp
repliweb,2837,tcp
starbot,2838,udp
starbot,2838,tcp
nmsigport,2839,udp
nmsigport,2839,tcp
pdnet,2843,udp
pdnet,2843,tcp
fxp,2849,udp
fxp,2849,tcp
metaconsole,2850,udp
metaconsole,2850,tcp
webemshttp,2851,udp
webemshttp,2851,tcp
ispipes,2853,udp
ispipes,2853,tcp
infomover,2854,udp
infomover,2854,tcp
cesdinv,2856,udp
cesdinv,2856,tcp
simctlp,2857,udp
simctlp,2857,tcp
ecnp,2858,udp
ecnp,2858,tcp
activememory,2859,udp
activememory,2859,tcp
sonardata,2863,udp
sonardata,2863,tcp
iwlistener,2866,udp
iwlistener,2866,tcp
icslap,2869,udp
icslap,2869,tcp
daishi,2870,udp
daishi,2870,tcp
radix,2872,udp
radix,2872,tcp
dxmessagebase1,2874,udp
dxmessagebase1,2874,tcp
dxmessagebase2,2875,udp
dxmessagebase2,2875,tcp
bluelance,2877,udp
bluelance,2877,tcp
aap,2878,udp
aap,2878,tcp
synapse,2880,udp
synapse,2880,tcp
ndsp,2881,udp
ndsp,2881,tcp
ndtp,2882,udp
ndtp,2882,tcp
ndnp,2883,udp
ndnp,2883,tcp
flashmsg,2884,udp
flashmsg,2884,tcp
topflow,2885,udp
topflow,2885,tcp
responselogic,2886,udp
responselogic,2886,tcp
aironetddp,2887,udp
aironetddp,2887,tcp
spcsdlobby,2888,udp
spcsdlobby,2888,tcp
rsom,2889,udp
rsom,2889,tcp
cspclmulti,2890,udp
cspclmulti,2890,tcp
snifferdata,2892,udp
snifferdata,2892,tcp
vseconnector,2893,udp
vseconnector,2893,tcp
natuslink,2895,udp
natuslink,2895,tcp
powergemplus,2899,udp
powergemplus,2899,tcp
quicksuite,2900,udp
quicksuite,2900,tcp
allstorcns,2901,udp
allstorcns,2901,tcp
netaspi,2902,udp
netaspi,2902,tcp
suitcase,2903,udp
suitcase,2903,tcp
m2ua,2904,sctp
m2ua,2904,udp
m2ua,2904,tcp
m3ua,2905,sctp
m3ua,2905,udp
m3ua,2905,tcp
caller9,2906,udp
caller9,2906,tcp
mao,2908,udp
mao,2908,tcp
tdaccess,2910,udp
tdaccess,2910,tcp
blockade,2911,udp
blockade,2911,tcp
epicon,2912,udp
epicon,2912,tcp
boosterware,2913,udp
boosterware,2913,tcp
gamelobby,2914,udp
gamelobby,2914,tcp
tksocket,2915,udp
tksocket,2915,tcp
elvin_server,2916,udp
elvin_server,2916,tcp
elvin_client,2917,udp
elvin_client,2917,tcp
kastenchasepad,2918,udp
kastenchasepad,2918,tcp
roboer,2919,udp
roboer,2919,tcp
roboeda,2920,udp
roboeda,2920,tcp
cesdcdman,2921,udp
cesdcdman,2921,tcp
cesdcdtrn,2922,udp
cesdcdtrn,2922,tcp
unimobilectrl,2927,udp
unimobilectrl,2927,tcp
incp,2932,udp
incp,2932,tcp
qtp,2935,udp
qtp,2935,tcp
otpatch,2936,udp
otpatch,2936,tcp
ttnrepository,2943,udp
ttnrepository,2943,tcp
fjsvmpor,2946,udp
fjsvmpor,2946,tcp
gpsd,2947,udp
gpsd,2947,tcp
esip,2950,udp
esip,2950,tcp
ottp,2951,udp
ottp,2951,tcp
mpfwsas,2952,udp
mpfwsas,2952,tcp
ovalarmsrv,2953,udp
ovalarmsrv,2953,tcp
csnotify,2955,udp
csnotify,2955,tcp
ovrimosdbman,2956,udp
ovrimosdbman,2956,tcp
jmact5,2957,udp
jmact5,2957,tcp
jmact6,2958,udp
jmact6,2958,tcp
rmopagt,2959,udp
rmopagt,2959,tcp
dfoxserver,2960,udp
dfoxserver,2960,tcp
enpp,2968,udp
enpp,2968,tcp
essp,2969,udp
essp,2969,tcp
netclip,2971,udp
netclip,2971,tcp
svnetworks,2973,udp
svnetworks,2973,tcp
signal,2974,udp
signal,2974,tcp
fjmpcm,2975,udp
fjmpcm,2975,tcp
wimd,2980,udp
wimd,2980,tcp
mylxamport,2981,udp
mylxamport,2981,tcp
netplan,2983,udp
netplan,2983,tcp
hpidsadmin,2984,udp
hpidsadmin,2984,tcp
hpidsagent,2985,udp
hpidsagent,2985,tcp
stonefalls,2986,udp
stonefalls,2986,tcp
identify,2987,udp
identify,2987,tcp
hippad,2988,udp
hippad,2988,tcp
zarkov,2989,udp
zarkov,2989,tcp
boscap,2990,udp
boscap,2990,tcp
itb301,2992,udp
itb301,2992,tcp
idrs,2995,udp
idrs,2995,tcp
vsixml,2996,udp
vsixml,2996,tcp
rebol,2997,udp
rebol,2997,tcp
realsecure,2998,udp
realsecure,2998,tcp
hbci,3000,udp
hbci,3000,tcp
cgms,3003,udp
cgms,3003,tcp
csoftragent,3004,udp
csoftragent,3004,tcp
geniuslm,3005,udp
geniuslm,3005,tcp
lotusmtap,3007,udp
lotusmtap,3007,tcp
gw,3010,tcp
twsdss,3012,udp
twsdss,3012,tcp
gilatskysurfer,3013,udp
gilatskysurfer,3013,tcp
broker_service,3014,udp
broker_service,3014,tcp
notify_srvr,3016,udp
notify_srvr,3016,tcp
event_listener,3017,udp
event_listener,3017,tcp
srvc_registry,3018,udp
srvc_registry,3018,tcp
resource_mgr,3019,udp
resource_mgr,3019,tcp
cifs,3020,udp
cifs,3020,tcp
agriserver,3021,udp
agriserver,3021,tcp
csregagent,3022,udp
csregagent,3022,tcp
magicnotes,3023,udp
magicnotes,3023,tcp
nds_sso,3024,udp
nds_sso,3024,tcp
LiebDevMgmt_C,3027,udp
LiebDevMgmt_C,3027,tcp
LiebDevMgmt_DM,3028,udp
LiebDevMgmt_DM,3028,tcp
LiebDevMgmt_A,3029,udp
LiebDevMgmt_A,3029,tcp
eppc,3031,udp
eppc,3031,tcp
pdb,3033,udp
pdb,3033,tcp
cogitate,3039,udp
cogitate,3039,tcp
journee,3042,udp
journee,3042,tcp
brp,3043,udp
brp,3043,tcp
epp,3044,udp
epp,3044,tcp
responsenet,3045,udp
responsenet,3045,tcp
hlserver,3047,udp
hlserver,3047,tcp
pctrader,3048,udp
pctrader,3048,tcp
nsws,3049,udp
nsws,3049,tcp
gds_db,3050,udp
gds_db,3050,tcp
policyserver,3055,udp
policyserver,3055,tcp
videobeans,3058,udp
videobeans,3058,tcp
qsoft,3059,udp
qsoft,3059,tcp
interserver,3060,udp
interserver,3060,tcp
cautcpd,3061,udp
cautcpd,3061,tcp
rprt,3064,udp
rprt,3064,tcp
slinterbase,3065,udp
slinterbase,3065,tcp
netattachsdmp,3066,udp
netattachsdmp,3066,tcp
fjhpjp,3067,udp
fjhpjp,3067,tcp
ls3bcast,3068,udp
ls3bcast,3068,tcp
ls3,3069,udp
ls3,3069,tcp
mgxswitch,3070,udp
mgxswitch,3070,tcp
vcrp,3073,udp
vcrp,3073,tcp
xbox,3074,udp
xbox,3074,tcp
stm_pproc,3080,udp
stm_pproc,3080,tcp
pcihreq,3085,udp
pcihreq,3085,tcp
xdtp,3088,udp
xdtp,3088,tcp
rtss,3090,udp
rtss,3090,tcp
njfss,3092,udp
njfss,3092,tcp
panasas,3095,udp
panasas,3095,tcp
chmd,3099,udp
chmd,3099,tcp
slslavemon,3102,udp
slslavemon,3102,tcp
autocuesmi,3103,udp
autocuesmi,3103,tcp
autocuetime,3104,udp
autocuelog,3104,tcp
cardbox,3105,udp
cardbox,3105,tcp
business,3107,udp
business,3107,tcp
geolocate,3108,udp
geolocate,3108,tcp
personnel,3109,udp
personnel,3109,tcp
wsynch,3111,udp
wsynch,3111,tcp
ksysguard,3112,udp
ksysguard,3112,tcp
ccmad,3114,udp
ccmad,3114,tcp
pkagent,3118,udp
pkagent,3118,tcp
d2000kernel,3119,udp
d2000kernel,3119,tcp
d2000webserver,3120,udp
d2000webserver,3120,tcp
edix,3123,udp
edix,3123,tcp
icpv2,3130,udp
icpv2,3130,tcp
netbookmark,3131,udp
netbookmark,3131,tcp
ecp,3134,udp
ecp,3134,tcp
grubd,3136,udp
grubd,3136,tcp
incognitorv,3139,udp
incognitorv,3139,tcp
ariliamulti,3140,udp
ariliamulti,3140,tcp
vmodem,3141,udp
vmodem,3141,tcp
seaview,3143,udp
seaview,3143,tcp
tarantella,3144,udp
tarantella,3144,tcp
rfio,3147,udp
rfio,3147,tcp
feitianrockey,3152,udp
feitianrockey,3152,tcp
ccmrmi,3154,udp
ccmrmi,3154,tcp
jpegmpeg,3155,udp
jpegmpeg,3155,tcp
indura,3156,udp
indura,3156,tcp
e3consultants,3157,udp
e3consultants,3157,tcp
stvp,3158,udp
stvp,3158,tcp
doc1lm,3161,udp
doc1lm,3161,tcp
sflm,3162,udp
sflm,3162,tcp
imprs,3164,udp
imprs,3164,tcp
newgenpay,3165,udp
newgenpay,3165,tcp
qrepos,3166,udp
qrepos,3166,tcp
poweroncontact,3167,udp
poweroncontact,3167,tcp
poweronnud,3168,udp
poweronnud,3168,tcp
radclientport,3178,udp
radclientport,3178,tcp
bmcpatrolagent,3181,udp
bmcpatrolagent,3181,tcp
bmcpatrolrnvu,3182,udp
bmcpatrolrnvu,3182,tcp
smpppd,3185,udp
smpppd,3185,tcp
firemonrcc,3192,udp
firemonrcc,3192,tcp
cordataport,3193,udp
cordataport,3193,tcp
magbind,3194,udp
magbind,3194,tcp
intraintra,3202,udp
intraintra,3202,tcp
isns,3205,udp
isns,3205,tcp
ironmail,3206,udp
ironmail,3206,tcp
netwkpathengine,3209,udp
netwkpathengine,3209,tcp
avsecuremgmt,3211,udp
avsecuremgmt,3211,tcp
surveyinst,3212,udp
surveyinst,3212,tcp
neon24x7,3213,udp
neon24x7,3213,tcp
unite,3217,udp
unite,3217,tcp
smartpackets,3218,udp
smartpackets,3218,tcp
glbp,3222,udp
glbp,3222,tcp
digivote,3223,udp
digivote,3223,tcp
dwnmshttp,3227,udp
dwnmshttp,3227,tcp
dwmsgserver,3228,udp
dwmsgserver,3228,tcp
dsnl,3231,udp
dsnl,3231,tcp
mdtp,3232,udp
mdtp,3232,tcp
whisker,3233,udp
whisker,3233,tcp
alchemy,3234,udp
alchemy,3234,tcp
triomotion,3240,udp
triomotion,3240,tcp
sysorb,3241,udp
sysorb,3241,tcp
timelot,3243,udp
timelot,3243,tcp
onesaf,3244,udp
onesaf,3244,tcp
ssp,3249,udp
ssp,3249,tcp
hicp,3250,udp
hicp,3250,tcp
sysscanner,3251,udp
sysscanner,3251,tcp
dhe,3252,udp
dhe,3252,tcp
semaphore,3255,udp
semaphore,3255,tcp
epncdp2,3259,udp
epncdp2,3259,tcp
winshadow,3261,udp
winshadow,3261,tcp
necp,3262,udp
necp,3262,tcp
ccmail,3264,udp
ccmail,3264,tcp
verismart,3270,udp
verismart,3270,tcp
sxmp,3273,udp
sxmp,3273,tcp
samd,3275,udp
samd,3275,tcp
lkcmserver,3278,udp
lkcmserver,3278,tcp
admind,3279,udp
admind,3279,tcp
sysopt,3281,udp
sysopt,3281,tcp
datusorb,3282,udp
datusorb,3282,tcp
4talk,3284,udp
4talk,3284,tcp
plato,3285,udp
plato,3285,tcp
directvdata,3287,udp
directvdata,3287,tcp
cops,3288,udp
cops,3288,tcp
enpc,3289,udp
enpc,3289,tcp
dyniplookup,3295,udp
dyniplookup,3295,tcp
deskview,3298,udp
deskview,3298,tcp
pdrncs,3299,udp
pdrncs,3299,tcp
mysql,3306,udp
mysql,3306,tcp
uorb,3313,udp
uorb,3313,tcp
uohost,3314,udp
uohost,3314,tcp
cdid,3315,udp
cdid,3315,tcp
vsaiport,3317,udp
vsaiport,3317,tcp
ssrip,3318,udp
ssrip,3318,tcp
officelink2000,3320,udp
officelink2000,3320,tcp
vnsstr,3321,udp
vnsstr,3321,tcp
sftu,3326,udp
sftu,3326,tcp
bbars,3327,udp
bbars,3327,tcp
egptlm,3328,udp
egptlm,3328,tcp
webtie,3342,udp
webtie,3342,tcp
influence,3345,udp
influence,3345,tcp
trnsprntproxy,3346,udp
trnsprntproxy,3346,tcp
chevinservices,3349,udp
chevinservices,3349,tcp
findviatv,3350,udp
findviatv,3350,tcp
btrieve,3351,udp
btrieve,3351,tcp
ssql,3352,udp
ssql,3352,tcp
fatpipe,3353,udp
fatpipe,3353,tcp
suitjd,3354,udp
suitjd,3354,tcp
upnotifyps,3356,udp
upnotifyps,3356,tcp
mpsysrmsvr,3358,udp
mpsysrmsvr,3358,tcp
creativeserver,3364,udp
creativeserver,3364,tcp
contentserver,3365,udp
contentserver,3365,tcp
creativepartnr,3366,udp
creativepartnr,3366,tcp
tip2,3372,udp
tip2,3372,tcp
cdbroker,3376,udp
cdbroker,3376,tcp
wsicopy,3378,udp
wsicopy,3378,tcp
socorfs,3379,udp
socorfs,3379,tcp
geneous,3381,udp
geneous,3381,tcp
qnxnetman,3385,udp
qnxnetman,3385,tcp
backroomnet,3387,udp
backroomnet,3387,tcp
cbserver,3388,udp
cbserver,3388,tcp
dsc,3390,udp
dsc,3390,tcp
savant,3391,udp
savant,3391,tcp
printer_agent,3396,udp
printer_agent,3396,tcp
mercantile,3398,udp
mercantile,3398,tcp
csms,3399,udp
csms,3399,tcp
csms2,3400,udp
csms2,3400,tcp
filecast,3401,udp
filecast,3401,tcp
copysnap,3403,udp
copysnap,3403,tcp
issapi,3408,udp
issapi,3408,tcp
networklens,3409,udp
networklens,3409,tcp
networklenss,3410,udp
networklenss,3410,tcp
xmlblaster,3412,udp
xmlblaster,3412,tcp
svnet,3413,udp
svnet,3413,tcp
bcinameservice,3415,udp
bcinameservice,3415,tcp
commandport,3416,udp
commandport,3416,tcp
csvr,3417,udp
csvr,3417,tcp
rnmap,3418,udp
rnmap,3418,tcp
softaudit,3419,udp
softaudit,3419,tcp
bmap,3421,udp
bmap,3421,tcp
xtrm,3423,udp
xtrm,3423,tcp
xtrms,3424,udp
xtrms,3424,tcp
arkivio,3426,udp
arkivio,3426,tcp
twcss,3428,udp
twcss,3428,tcp
gcsp,3429,udp
gcsp,3429,tcp
ssdispatch,3430,udp
ssdispatch,3430,tcp
osdcp,3432,udp
osdcp,3432,tcp
opencm,3434,udp
opencm,3434,tcp
pacom,3435,udp
pacom,3435,tcp
autocueds,3437,udp
autocueds,3437,tcp
monp,3445,udp
monp,3445,tcp
3comfaxrpc,3446,udp
3comfaxrpc,3446,tcp
cddn,3447,udp
cddn,3447,tcp
castorproxy,3450,udp
castorproxy,3450,tcp
asam,3451,udp
asam,3451,tcp
pscupd,3453,udp
pscupd,3453,tcp
mira,3454,tcp
prsvp,3455,udp
prsvp,3455,tcp
vat,3456,udp
vat,3456,tcp
d3winosfi,3458,udp
d3winosfi,3458,tcp
integral,3459,udp
integral,3459,tcp
workflow,3466,udp
workflow,3466,tcp
rcst,3467,udp
rcst,3467,tcp
ttcmremotectrl,3468,udp
ttcmremotectrl,3468,tcp
pluribus,3469,udp
pluribus,3469,tcp
jt400,3470,udp
jt400,3470,tcp
ttntspauto,3474,udp
ttntspauto,3474,tcp
nppmp,3476,udp
nppmp,3476,tcp
ecomm,3477,udp
ecomm,3477,tcp
twrpc,3479,udp
twrpc,3479,tcp
plethora,3480,udp
plethora,3480,tcp
cleanerliverc,3481,udp
cleanerliverc,3481,tcp
vulture,3482,udp
vulture,3482,tcp
celatalk,3485,udp
celatalk,3485,tcp
ltcudp,3487,udp
ltctcp,3487,tcp
colubris,3490,udp
colubris,3490,tcp
nut,3493,udp
nut,3493,tcp
ibm3494,3494,udp
ibm3494,3494,tcp
ipether232port,3497,udp
ipether232port,3497,tcp
avinstalldisc,3502,udp
avinstalldisc,3502,tcp
ironstorm,3504,udp
ironstorm,3504,tcp
ccmcomm,3505,udp
ccmcomm,3505,tcp
interactionweb,3508,udp
interactionweb,3508,tcp
aztec,3512,udp
aztec,3512,tcp
arcpd,3513,udp
arcpd,3513,tcp
galileo,3519,udp
nvmsgd,3519,tcp
galileolog,3520,udp
galileolog,3520,tcp
mc3ss,3521,udp
mc3ss,3521,tcp
nssocketport,3522,udp
nssocketport,3522,tcp
odeumservlink,3523,udp
odeumservlink,3523,tcp
ecmport,3524,udp
ecmport,3524,tcp
eisport,3525,udp
eisport,3525,tcp
gf,3530,udp
gf,3530,tcp
joltid,3531,udp
joltid,3531,tcp
snac,3536,udp
snac,3536,tcp
teredo,3544,udp
teredo,3544,tcp
camac,3545,udp
camac,3545,tcp
interworld,3548,udp
interworld,3548,tcp
ssmpp,3550,udp
ssmpp,3550,tcp
apcupsd,3551,udp
apcupsd,3551,tcp
taserver,3552,udp
taserver,3552,tcp
questnotify,3554,udp
questnotify,3554,tcp
razor,3555,udp
razor,3555,tcp
sdbproxy,3562,udp
sdbproxy,3562,tcp
watcomdebug,3563,udp
watcomdebug,3563,tcp
esimport,3564,udp
esimport,3564,tcp
m2pa,3565,sctp
m2pa,3565,tcp
megaregsvrport,3572,udp
megaregsvrport,3572,tcp
ttat3lb,3579,udp
ttat3lb,3579,tcp
kfxaclicensing,3581,udp
kfxaclicensing,3581,tcp
press,3582,udp
press,3582,tcp
p2pgroup,3587,udp
p2pgroup,3587,tcp
sentinel,3588,udp
sentinel,3588,tcp
isomair,3589,udp
isomair,3589,tcp
bpmd,3593,udp
bpmd,3593,tcp
mediaspace,3594,udp
mediaspace,3594,tcp
shareapp,3595,udp
shareapp,3595,tcp
a14,3597,udp
a14,3597,tcp
a15,3598,udp
a15,3598,tcp
infiniswitchcl,3602,udp
infiniswitchcl,3602,tcp
splitlock,3606,udp
splitlock,3606,tcp
echonet,3610,udp
echonet,3610,tcp
volley,3625,udp
volley,3625,tcp
jamserverport,3627,udp
jamserverport,3627,tcp
escvpnet,3629,udp
escvpnet,3629,tcp
distcc,3632,udp
distcc,3632,tcp
wacp,3633,udp
wacp,3633,tcp
hlibmgr,3634,udp
hlibmgr,3634,tcp
sdo,3635,udp
sdo,3635,tcp
opscenter,3636,udp
opscenter,3636,tcp
scservp,3637,udp
scservp,3637,tcp
audiojuggler,3643,udp
audiojuggler,3643,tcp
ssowatch,3644,udp
ssowatch,3644,tcp
cyc,3645,udp
cyc,3645,tcp
fjcp,3648,udp
fjcp,3648,tcp
nmmp,3649,udp
nmmp,3649,tcp
vxcrnbuport,3652,udp
vxcrnbuport,3652,tcp
tsp,3653,udp
tsp,3653,tcp
vaprtm,3654,udp
vaprtm,3654,tcp
abatemgr,3655,udp
abatemgr,3655,tcp
abatjss,3656,udp
abatjss,3656,tcp
pserver,3662,udp
pserver,3662,tcp
dtp,3663,udp
dtp,3663,tcp
infoexch,3667,udp
infoexch,3667,tcp
casanswmgmt,3669,udp
casanswmgmt,3669,tcp
smile,3670,udp
smile,3670,tcp
efcp,3671,udp
efcp,3671,tcp
calltrax,3675,udp
calltrax,3675,tcp
roverlog,3677,udp
roverlog,3677,tcp
tnmpv2,3686,udp
tnmpv2,3686,tcp
daap,3689,udp
daap,3689,tcp
svn,3690,udp
svn,3690,tcp
intelsync,3692,udp
intelsync,3692,tcp
gttp,3693,udp
gttp,3693,tcp
vpncpp,3694,udp
vpncpp,3694,tcp
telnetcpcd,3696,udp
telnetcpcd,3696,tcp
sagectlpanel,3698,udp
sagectlpanel,3698,tcp
netcelera,3701,udp
netcelera,3701,tcp
tftps,3713,udp
tftps,3713,tcp
itelserverport,3719,udp
itelserverport,3719,tcp
xsync,3721,udp
xsync,3721,tcp
xserveraid,3722,udp
xserveraid,3722,tcp
sychrond,3723,udp
sychrond,3723,tcp
battlenet,3724,udp
battlenet,3724,tcp
smap,3731,udp
smap,3731,tcp
pwdis,3735,udp
pwdis,3735,tcp
versatalk,3738,udp
versatalk,3738,tcp
heartbeat,3740,udp
heartbeat,3740,tcp
wysdma,3741,udp
wysdma,3741,tcp
sasg,3744,udp
sasg,3744,tcp
linktest,3746,udp
linktest,3746,tcp
webdata,3748,udp
webdata,3748,tcp
cimtrak,3749,udp
cimtrak,3749,tcp
vipremoteagent,3752,udp
vipremoteagent,3752,tcp
nattyserver,3753,udp
nattyserver,3753,tcp
timestenbroker,3754,udp
timestenbroker,3754,tcp
adtempusclient,3760,udp
adtempusclient,3760,tcp
gsakmp,3761,udp
gsakmp,3761,tcp
rtraceroute,3765,udp
rtraceroute,3765,tcp
rblcheckd,3768,udp
rblcheckd,3768,tcp
cindycollab,3770,udp
cindycollab,3770,tcp
ctp,3772,udp
ctp,3772,tcp
ctdhercules,3773,udp
ctdhercules,3773,tcp
zicom,3774,udp
zicom,3774,tcp
ispmmgr,3775,udp
ispmmgr,3775,tcp
cognima,3779,udp
cognima,3779,tcp
nnp,3780,udp
nnp,3780,tcp
upstriggervsw,3786,tcp
upstriggervsw,3786,udp
fintrx,3787,tcp
fintrx,3787,udp
remotedeploy,3789,tcp
remotedeploy,3789,udp
quickbooksrds,3790,tcp
quickbooksrds,3790,udp
tvnetworkvideo,3791,tcp
tvnetworkvideo,3791,udp
sitewatch,3792,tcp
sitewatch,3792,udp
dcsoftware,3793,tcp
dcsoftware,3793,udp
jaus,3794,tcp
jaus,3794,udp
myblast,3795,tcp
myblast,3795,udp
idps,3797,tcp
idps,3797,udp
minilock,3798,tcp
minilock,3798,udp
pwgpsi,3800,udp
pwgpsi,3800,tcp
vhd,3802,udp
vhd,3802,tcp
soniqsync,3803,tcp
soniqsync,3803,udp
tcpdataserver,3805,tcp
tcpdataserver,3805,udp
wsmlb,3806,tcp
wsmlb,3806,udp
spugna,3807,tcp
spugna,3807,udp
apocd,3809,tcp
apocd,3809,udp
wlanauth,3810,tcp
wlanauth,3810,udp
amp,3811,tcp
amp,3811,udp
lansurveyorxml,3815,tcp
lansurveyorxml,3815,udp
tapeware,3817,tcp
tapeware,3817,udp
scp,3820,tcp
scp,3820,udp
pmcp,3821,tcp
pmcp,3821,udp
dvapps,3831,tcp
dvapps,3831,udp
xxnetserver,3832,tcp
xxnetserver,3832,udp
spectardata,3834,tcp
spectardata,3834,udp
spectardb,3835,tcp
spectardb,3835,udp
sos,3838,tcp
sos,3838,udp
flirtmitmir,3840,tcp
flirtmitmir,3840,udp
nhci,3842,tcp
nhci,3842,udp
rnm,3844,tcp
rnm,3844,udp
item,3848,tcp
item,3848,udp
spectraport,3851,tcp
spectraport,3851,udp
sscan,3853,tcp
sscan,3853,udp
opentrac,3855,tcp
opentrac,3855,udp
informer,3856,tcp
informer,3856,udp
sasp,3860,tcp
sasp,3860,udp
xpl,3865,tcp
xpl,3865,udp
dzdaemon,3866,tcp
dzdaemon,3866,udp
dzoglserver,3867,tcp
dzoglserver,3867,udp
diameter,3868,tcp
fagordnc,3873,tcp
fagordnc,3873,udp
sixxsconfig,3874,tcp
sixxsconfig,3874,udp
pnbscada,3875,udp
pnbscada,3875,tcp
dl_agent,3876,tcp
dl_agent,3876,udp
fotogcad,3878,tcp
fotogcad,3878,udp
igrs,3880,tcp
igrs,3880,udp
idac,3881,tcp
idac,3881,udp
msdts1,3882,tcp
msdts1,3882,udp
vrpn,3883,tcp
vrpn,3883,udp
ndsconnect,3890,tcp
ndsconnect,3890,udp
senip,3898,tcp
senip,3898,udp
udt_os,3900,udp
udt_os,3900,tcp
nimsh,3901,tcp
nimsh,3901,udp
nimaux,3902,tcp
nimaux,3902,udp
charsetmgr,3903,tcp
charsetmgr,3903,udp
mupdate,3905,tcp
mupdate,3905,udp
hppronetman,3908,tcp
hppronetman,3908,udp
surfcontrolcpa,3909,tcp
surfcontrolcpa,3909,udp
prnrequest,3910,tcp
prnrequest,3910,udp
prnstatus,3911,tcp
prnstatus,3911,udp
agcat,3915,tcp
agcat,3915,udp
wysdmc,3916,tcp
wysdmc,3916,udp
aftmux,3917,tcp
aftmux,3917,udp
pktcablemmcops,3918,tcp
pktcablemmcops,3918,udp
hyperip,3919,tcp
hyperip,3919,udp
exasoftport1,3920,tcp
exasoftport1,3920,udp
zmp,3925,tcp
zmp,3925,udp
winport,3926,tcp
winport,3926,udp
natdataservice,3927,tcp
natdataservice,3927,udp
mailprox,3936,tcp
mailprox,3936,udp
dvbservdscport,3937,tcp
dvbservdscport,3937,udp
dbcontrol_agent,3938,tcp
dbcontrol_agent,3938,udp
aamp,3939,udp
aamp,3939,tcp
srdp,3942,tcp
srdp,3942,udp
tig,3943,tcp
tig,3943,udp
sops,3944,tcp
sops,3944,udp
emcads,3945,tcp
emcads,3945,udp
backupedge,3946,tcp
backupedge,3946,udp
ccp,3947,tcp
ccp,3947,udp
apdap,3948,tcp
apdap,3948,udp
drip,3949,tcp
drip,3949,udp
namemunge,3950,tcp
namemunge,3950,udp
pwgippfax,3951,tcp
pwgippfax,3951,udp
adrep,3954,tcp
adrep,3954,udp
p2pcommunity,3955,tcp
p2pcommunity,3955,udp
gvcp,3956,tcp
gvcp,3956,udp
treehopper,3959,tcp
treehopper,3959,udp
bess,3960,tcp
bess,3960,udp
proaxess,3961,tcp
proaxess,3961,udp
thrp,3963,tcp
thrp,3963,udp
sasggprs,3964,tcp
sasggprs,3964,udp
bflckmgr,3966,tcp
bflckmgr,3966,udp
ppsms,3967,tcp
ppsms,3967,udp
landmarks,3969,tcp
landmarks,3969,udp
lanrevagent,3970,tcp
lanrevagent,3970,udp
lanrevserver,3971,tcp
lanrevserver,3971,udp
iconp,3972,tcp
iconp,3972,udp
progistics,3973,tcp
progistics,3973,udp
citysearch,3974,tcp
citysearch,3974,udp
airshot,3975,tcp
airshot,3975,udp
opswagent,3976,tcp
opswagent,3976,udp
opswmanager,3977,tcp
opswmanager,3977,udp
smwan,3979,tcp
smwan,3979,udp
acms,3980,tcp
acms,3980,udp
starfish,3981,tcp
starfish,3981,udp
eis,3982,tcp
eis,3982,udp
eisp,3983,tcp
eisp,3983,udp
centerline,3987,udp
centerline,3987,tcp
objserver,3994,tcp
objserver,3994,udp
abcsoftware,3996,tcp
abscoftware,3996,udp
terabase,4000,udp
terabase,4000,tcp
newoak,4001,udp
newoak,4001,tcp
netcheque,4008,udp
netcheque,4008,tcp
altserviceboot,4011,udp
altserviceboot,4011,tcp
taiclock,4014,udp
taiclock,4014,tcp
trap,4020,udp
trap,4020,tcp
dnox,4022,udp
dnox,4022,tcp
partimage,4025,udp
partimage,4025,tcp
bxp,4027,udp
bxp,4027,tcp
suucp,4031,udp
suucp,4031,tcp
sanavigator,4033,udp
sanavigator,4033,tcp
ubxd,4034,udp
ubxd,4034,tcp
ravehd,4037,tcp
ravehd,4037,udp
houston,4041,udp
houston,4041,tcp
ldxp,4042,udp
ldxp,4042,tcp
nirp,4043,tcp
nirp,4043,udp
ltp,4044,tcp
ltp,4044,udp
npp,4045,tcp
npp,4045,udp
objadmin,4048,tcp
objadmin,4048,udp
wafs,4049,tcp
wafs,4049,udp
cppdp,4051,tcp
cppdp,4051,udp
interact,4052,tcp
interact,4052,udp
lms,4056,tcp
lms,4056,udp
wfm,4057,tcp
wfm,4057,udp
kingfisher,4058,tcp
kingfisher,4058,udp
dsmeter_iatc,4060,tcp
dsmeter_iatc,4060,udp
opencore,4089,tcp
opencore,4089,udp
omasgport,4090,tcp
omasgport,4090,udp
ewinstaller,4091,tcp
ewinstaller,4091,udp
ewdgs,4092,tcp
ewdgs,4092,udp
pvxpluscs,4093,tcp
pvxpluscs,4093,udp
sysrqd,4094,tcp
sysrqd,4094,udp
xtgui,4095,tcp
xtgui,4095,udp
bre,4096,udp
bre,4096,tcp
patrolview,4097,udp
patrolview,4097,tcp
drmsfsd,4098,udp
drmsfsd,4098,tcp
dpcp,4099,udp
dpcp,4099,tcp
shofarplayer,4105,tcp
shofarplayer,4105,udp
synchronite,4106,tcp
synchronite,4106,udp
accel,4108,tcp
accel,4108,udp
xgrid,4111,tcp
xgrid,4111,udp
jomamqmonitor,4114,udp
jomamqmonitor,4114,tcp
cds,4115,tcp
cds,4115,udp
xmlivestream,4117,tcp
xmlivestream,4117,udp
netscript,4118,tcp
netscript,4118,udp
xtreamx,4120,tcp
xtreamx,4120,udp
fprams,4122,tcp
fprams,4122,udp
nuts_dem,4132,udp
nuts_dem,4132,tcp
nuts_bootp,4133,udp
nuts_bootp,4133,tcp
nettest,4138,udp
nettest,4138,tcp
thrtx,4139,tcp
thrtx,4139,udp
cedros_fds,4140,tcp
cedros_fds,4140,udp
oirtgsvc,4141,udp
oirtgsvc,4141,tcp
oidocsvc,4142,udp
oidocsvc,4142,tcp
oidsr,4143,udp
oidsr,4143,tcp
tgcconnect,4146,tcp
tgcconnect,4146,udp
vrxpservman,4147,tcp
vrxpservman,4147,udp
atlinks,4154,udp
atlinks,4154,tcp
nss,4159,tcp
nss,4159,udp
omscontact,4161,tcp
omscontact,4161,udp
omstopology,4162,tcp
omstopology,4162,udp
sieve,4190,tcp
corelccam,4300,udp
corelccam,4300,tcp
rwhois,4321,udp
rwhois,4321,tcp
geognosisman,4325,tcp
geognosisman,4325,udp
geognosis,4326,tcp
geognosis,4326,udp
unicall,4343,udp
unicall,4343,tcp
vinainstall,4344,udp
vinainstall,4344,tcp
elanlm,4346,udp
elanlm,4346,tcp
lansurveyor,4347,udp
lansurveyor,4347,tcp
itose,4348,udp
itose,4348,tcp
fsportmap,4349,udp
fsportmap,4349,tcp
pjlink,4352,tcp
pjlink,4352,udp
wxbrief,4368,tcp
wxbrief,4368,udp
epmd,4369,tcp
epmd,4369,udp
saris,4442,udp
saris,4442,tcp
pharos,4443,udp
pharos,4443,tcp
krb524,4444,udp
krb524,4444,tcp
upnotifyp,4445,udp
upnotifyp,4445,tcp
privatewire,4449,udp
privatewire,4449,tcp
camp,4450,udp
camp,4450,tcp
ctisystemmsg,4451,udp
ctisystemmsg,4451,tcp
ctiprogramload,4452,udp
ctiprogramload,4452,tcp
nssalertmgr,4453,udp
nssalertmgr,4453,tcp
nssagentmgr,4454,udp
nssagentmgr,4454,tcp
prRegister,4457,udp
prRegister,4457,tcp
mcp,4458,tcp
mcp,4458,udp
hpssmgmt,4484,tcp
hpssmgmt,4484,udp
ehs,4535,tcp
ehs,4535,udp
wssauthsvc,4537,tcp
wssauthsvc,4537,udp
isigate,4538,tcp
isigate,4538,udp
worldscores,4545,udp
worldscores,4545,tcp
synchromesh,4548,tcp
synchromesh,4548,udp
aegate,4549,tcp
aegate,4549,udp
msfrs,4554,tcp
msfrs,4554,udp
rsip,4555,udp
rsip,4555,tcp
hylafax,4559,udp
hylafax,4559,tcp
kwtc,4566,tcp
kwtc,4566,udp
tram,4567,udp
tram,4567,tcp
iax,4569,tcp
iax,4569,udp
piranha1,4600,udp
piranha1,4600,tcp
piranha2,4601,udp
piranha2,4601,tcp
smaclmgr,4660,udp
smaclmgr,4660,tcp
kar2ouche,4661,udp
kar2ouche,4661,tcp
oms,4662,tcp
oms,4662,udp
noteit,4663,tcp
noteit,4663,udp
ems,4664,tcp
ems,4664,udp
contclientms,4665,tcp
contclientms,4665,udp
eportcomm,4666,tcp
eportcomm,4666,udp
mmacomm,4667,tcp
mmacomm,4667,udp
mmaeds,4668,tcp
mmaeds,4668,udp
eportcommdata,4669,tcp
eportcommdata,4669,udp
light,4670,tcp
light,4670,udp
acter,4671,tcp
acter,4671,udp
rfa,4672,udp
rfa,4672,tcp
cxws,4673,tcp
cxws,4673,udp
bcs,4677,tcp
bcs,4677,udp
traversal,4678,tcp
traversal,4678,udp
mgesupervision,4679,tcp
mgesupervision,4679,udp
mgemanagement,4680,tcp
mgemanagement,4680,udp
parliant,4681,tcp
parliant,4681,udp
finisar,4682,tcp
finisar,4682,udp
spike,4683,tcp
spike,4683,udp
autopac,4685,tcp
autopac,4685,udp
nst,4687,tcp
nst,4687,udp
altovacentral,4689,tcp
altovacentral,4689,udp
prelude,4690,tcp
prelude,4690,udp
monotone,4691,tcp
monotone,4691,udp
conspiracy,4692,tcp
conspiracy,4692,udp
capmux,4728,tcp
capmux,4728,udp
ipfix,4739,tcp
ipfix,4739,udp
ipfixs,4740,tcp
ipfixs,4740,udp
sicct,4742,tcp
openhpid,4743,tcp
openhpid,4743,udp
profilemac,4749,tcp
profilemac,4749,udp
ssad,4750,tcp
ssad,4750,udp
spocp,4751,tcp
spocp,4751,udp
snap,4752,udp
snap,4752,tcp
iims,4800,udp
iims,4800,tcp
iwec,4801,udp
iwec,4801,tcp
ilss,4802,udp
ilss,4802,tcp
htcp,4827,udp
htcp,4827,tcp
quosa,4841,tcp
quosa,4841,udp
phrelay,4868,udp
phrelay,4868,tcp
phrelaydbg,4869,udp
phrelaydbg,4869,tcp
wired,4871,tcp
wired,4871,udp
abbs,4885,udp
abbs,4885,tcp
lyskom,4894,udp
lyskom,4894,tcp
hfcs,4900,tcp
hfcs,4900,udp
munin,4949,tcp
munin,4949,udp
pwgwims,4951,tcp
pwgwims,4951,udp
sagxtsds,4952,tcp
sagxtsds,4952,udp
mrip,4986,tcp
mrip,4986,udp
parallel,4989,udp
parallel,4989,tcp
rfe,5002,udp
rfe,5002,tcp
winfs,5009,tcp
winfs,5009,udp
telelpathstart,5010,udp
telelpathstart,5010,tcp
telelpathattack,5011,udp
telelpathattack,5011,tcp
mice,5022,udp
mice,5022,tcp
htuilsrv,5023,udp
htuilsrv,5023,tcp
surfpass,5030,tcp
surfpass,5030,udp
asnaacceler8db,5042,udp
asnaacceler8db,5042,tcp
swxadmin,5043,tcp
swxadmin,5043,udp
ivocalize,5049,tcp
ivocalize,5049,udp
mmcc,5050,udp
mmcc,5050,tcp
unot,5055,udp
unot,5055,tcp
sds,5059,tcp
sds,5059,udp
sip,5060,udp
sip,5060,tcp
authentx,5067,tcp
authentx,5067,udp
vtsas,5070,tcp
vtsas,5070,udp
powerschool,5071,udp
powerschool,5071,tcp
ayiya,5072,tcp
ayiya,5072,udp
alesquery,5074,tcp
alesquery,5074,udp
llrp,5084,tcp
llrp,5084,udp
socalia,5100,tcp
socalia,5100,udp
ctsd,5137,udp
ctsd,5137,tcp
rmonitor_secure,5145,udp
rmonitor_secure,5145,tcp
atmp,5150,udp
atmp,5150,tcp
esri_sde,5151,udp
esri_sde,5151,tcp
bzflag,5154,tcp
bzflag,5154,udp
ife_icorp,5165,udp
ife_icorp,5165,tcp
winpcs,5166,tcp
winpcs,5166,udp
scte104,5167,tcp
scte104,5167,udp
scte30,5168,tcp
scte30,5168,udp
aol,5190,udp
aol,5190,tcp
eenet,5234,tcp
eenet,5234,udp
padl2sim,5236,udp
padl2sim,5236,tcp
igateway,5250,udp
igateway,5250,tcp
caevms,5251,tcp
caevms,5251,udp
pk,5272,udp
pk,5272,tcp
cfengine,5308,udp
cfengine,5308,tcp
jprinter,5309,udp
jprinter,5309,tcp
outlaws,5310,udp
outlaws,5310,tcp
rrdp,5313,tcp
rrdp,5313,udp
kfserver,5343,tcp
kfserver,5343,udp
xkotodrcp,5344,tcp
xkotodrcp,5344,udp
mdns,5353,udp
mdns,5353,tcp
mdnsresponder,5354,tcp
mdnsresponder,5354,udp
llmnr,5355,tcp
llmnr,5355,udp
wsdapi,5357,tcp
wsdapi,5357,udp
stresstester,5397,tcp
stresstester,5397,udp
securitychase,5399,tcp
securitychase,5399,udp
excerpt,5400,udp
excerpt,5400,tcp
excerpts,5401,udp
excerpts,5401,tcp
mftp,5402,udp
mftp,5402,tcp
netsupport,5405,udp
netsupport,5405,tcp
actnet,5411,udp
actnet,5411,tcp
continuus,5412,udp
continuus,5412,tcp
wwiotalk,5413,udp
wwiotalk,5413,tcp
statusd,5414,udp
statusd,5414,tcp
mcntp,5418,udp
mcntp,5418,tcp
netsupport2,5421,udp
netsupport2,5421,tcp
virtualuser,5423,udp
virtualuser,5423,tcp
devbasic,5426,udp
devbasic,5426,tcp
telaconsole,5428,udp
telaconsole,5428,tcp
base,5429,udp
base,5429,tcp
postgresql,5432,udp
postgresql,5432,tcp
pyrrho,5433,tcp
pyrrho,5433,udp
dttl,5435,udp
dttl,5435,tcp
surebox,5453,tcp
surebox,5453,udp
silkmeter,5461,udp
silkmeter,5461,tcp
ttlpriceproxy,5463,udp
ttlpriceproxy,5463,tcp
quailnet,5464,tcp
quailnet,5464,udp
freeciv,5556,tcp
freeciv,5556,udp
udpplus,5566,udp
udpplus,5566,tcp
sdt,5568,tcp
sdt,5568,udp
tmosms0,5580,tcp
tmosms0,5580,udp
tmosms1,5581,tcp
tmosms1,5581,udp
ininmessaging,5597,tcp
ininmessaging,5597,udp
mctfeed,5598,tcp
mctfeed,5598,udp
esinstall,5599,udp
esinstall,5599,tcp
esmmanager,5600,udp
esmmanager,5600,tcp
esmagent,5601,udp
esmagent,5601,tcp
ninaf,5627,tcp
ninaf,5627,udp
pcanywheredata,5631,udp
pcanywheredata,5631,tcp
pcanywherestat,5632,udp
pcanywherestat,5632,tcp
beorl,5633,tcp
beorl,5633,udp
amqp,5672,tcp
amqp,5672,udp
jms,5673,udp
jms,5673,tcp
v5ua,5675,udp
v5ua,5675,tcp
raadmin,5676,udp
raadmin,5676,tcp
rrac,5678,udp
rrac,5678,tcp
dccm,5679,udp
dccm,5679,tcp
ncxcp,5681,tcp
ncxcp,5681,udp
ggz,5688,udp
ggz,5688,tcp
qmvideo,5689,tcp
qmvideo,5689,udp
proshareaudio,5713,udp
proshareaudio,5713,tcp
prosharevideo,5714,udp
prosharevideo,5714,tcp
prosharedata,5715,udp
prosharedata,5715,tcp
prosharerequest,5716,udp
prosharerequest,5716,tcp
prosharenotify,5717,udp
prosharenotify,5717,tcp
dpm,5718,tcp
dpm,5718,udp
dtpt,5721,tcp
dtpt,5721,udp
msdfsr,5722,tcp
msdfsr,5722,udp
omhs,5723,tcp
omhs,5723,udp
omsdk,5724,tcp
omsdk,5724,udp
openmail,5729,udp
openmail,5729,tcp
unieng,5730,udp
unieng,5730,tcp
watchdoc,5744,tcp
watchdoc,5744,udp
tunatic,5747,tcp
tunatic,5747,udp
tunalyzer,5748,tcp
tunalyzer,5748,udp
openmailg,5755,udp
openmailg,5755,tcp
x500ms,5757,udp
x500ms,5757,tcp
openmailns,5766,udp
openmailns,5766,tcp
openmailpxy,5768,udp
openmailpxy,5768,tcp
spramsca,5769,tcp
spramsca,5769,udp
spramsd,5770,tcp
spramsd,5770,udp
netagent,5771,udp
netagent,5771,tcp
icmpd,5813,udp
icmpd,5813,tcp
wherehoo,5859,udp
wherehoo,5859,tcp
ppsuitemsg,5863,tcp
ppsuitemsg,5863,udp
rfb,5900,tcp
rfb,5900,udp
indy,5963,tcp
indy,5963,udp
wsman,5985,tcp
wsman,5985,udp
wsmans,5986,tcp
wsmans,5986,udp
nuxsl,5991,udp
nuxsl,5991,tcp
cvsup,5999,udp
cvsup,5999,tcp
winpharaoh,6065,udp
winpharaoh,6065,tcp
ewctsp,6066,udp
ewctsp,6066,tcp
srb,6067,udp
srb,6067,tcp
gsmp,6068,udp
gsmp,6068,tcp
trip,6069,udp
trip,6069,tcp
messageasap,6070,udp
messageasap,6070,tcp
ssdtp,6071,udp
ssdtp,6071,tcp
directplay8,6073,udp
directplay8,6073,tcp
max,6074,tcp
max,6074,udp
konspire2b,6085,udp
konspire2b,6085,tcp
pdtp,6086,tcp
pdtp,6086,udp
ldss,6087,tcp
ldss,6087,udp
rets,6103,udp
rets,6103,tcp
dbdb,6104,udp
dbdb,6104,tcp
primaserver,6105,udp
primaserver,6105,tcp
mpsserver,6106,udp
mpsserver,6106,tcp
softcm,6110,udp
softcm,6110,tcp
spc,6111,udp
spc,6111,tcp
dtspcd,6112,udp
dtspcd,6112,tcp
pscribe,6163,tcp
pscribe,6163,udp
radmind,6222,tcp
radmind,6222,udp
crip,6253,udp
crip,6253,tcp
grid,6268,tcp
grid,6268,udp
bmc_ctd_ldap,6301,tcp
bmc_ctd_ldap,6301,udp
repsvc,6320,tcp
repsvc,6320,udp
sflow,6343,udp
sflow,6343,tcp
faxcomservice,6417,tcp
faxcomservice,6417,udp
sge_qmaster,6444,tcp
sge_qmaster,6444,udp
sge_execd,6445,tcp
sge_execd,6445,udp
boks,6500,udp
boks,6500,tcp
boks_servc,6501,udp
boks_servc,6501,tcp
boks_servm,6502,udp
boks_servm,6502,tcp
boks_clntd,6503,udp
boks_clntd,6503,tcp
badm_priv,6505,udp
badm_priv,6505,tcp
badm_pub,6506,udp
badm_pub,6506,tcp
bdir_priv,6507,udp
bdir_priv,6507,tcp
bdir_pub,6508,udp
bdir_pub,6508,tcp
xdsxdm,6558,udp
xdsxdm,6558,tcp
affiliate,6579,tcp
affiliate,6579,udp
joaJewelSuite,6583,tcp
joaJewelSuite,6583,udp
kftp,6621,tcp
kftp,6621,udp
mcftp,6622,tcp
mcftp,6622,udp
ktelnet,6623,tcp
ktelnet,6623,udp
nexgen,6627,tcp
nexgen,6627,udp
mach,6631,udp
mach,6631,tcp
vision_server,6672,udp
vision_server,6672,tcp
vision_elmd,6673,udp
vision_elmd,6673,tcp
ibprotocol,6714,udp
ibprotocol,6714,tcp
hnmp,6790,udp
hnmp,6790,tcp
hnm,6791,tcp
hnm,6791,udp
iccrushmore,6850,udp
iccrushmore,6850,tcp
muse,6888,udp
muse,6888,tcp
xsmsvc,6936,tcp
xsmsvc,6936,udp
bioserver,6946,tcp
bioserver,6946,udp
otlp,6951,tcp
otlp,6951,udp
jmact3,6961,udp
jmact3,6961,tcp
jmevt2,6962,udp
jmevt2,6962,tcp
swismgr1,6963,udp
swismgr1,6963,tcp
swismgr2,6964,udp
swismgr2,6964,tcp
swistrap,6965,udp
swistrap,6965,tcp
swispol,6966,udp
swispol,6966,tcp
acmsoda,6969,udp
acmsoda,6969,tcp
dpserve,7020,udp
dpserve,7020,tcp
dpserveadmin,7021,udp
dpserveadmin,7021,tcp
ctdp,7022,tcp
ctdp,7022,udp
ct2nmcs,7023,tcp
ct2nmcs,7023,udp
vmsvc,7024,tcp
vmsvc,7024,udp
arcp,7070,udp
arcp,7070,tcp
scenidm,7128,tcp
scenidm,7128,udp
scenccs,7129,tcp
scenccs,7129,udp
caistoragemgr,7162,tcp
caistoragemgr,7162,udp
cacsambroker,7163,tcp
cacsambroker,7163,udp
clutild,7174,udp
clutild,7174,tcp
fodms,7200,udp
fodms,7200,tcp
dlip,7201,udp
dlip,7201,tcp
ramp,7227,tcp
ramp,7227,udp
itactionserver1,7280,udp
itactionserver1,7280,tcp
itactionserver2,7281,udp
itactionserver2,7281,tcp
mindfilesys,7391,udp
mindfilesys,7391,tcp
mrssrendezvous,7392,udp
mrssrendezvous,7392,tcp
nfoldman,7393,tcp
nfoldman,7393,udp
fse,7394,tcp
fse,7394,udp
winqedit,7395,udp
winqedit,7395,tcp
hexarc,7397,tcp
hexarc,7397,udp
ionixnetmon,7410,tcp
ionixnetmon,7410,udp
mtportmon,7421,tcp
mtportmon,7421,udp
pmdmgr,7426,udp
pmdmgr,7426,tcp
oveadmgr,7427,udp
oveadmgr,7427,tcp
ovladmgr,7428,udp
ovladmgr,7428,tcp
xmpv7,7430,udp
xmpv7,7430,tcp
pmd,7431,udp
pmd,7431,tcp
faximum,7437,udp
faximum,7437,tcp
silhouette,7500,tcp
silhouette,7500,udp
ovbus,7501,udp
ovbus,7501,tcp
ovhpas,7510,udp
ovhpas,7510,tcp
atul,7543,tcp
atul,7543,udp
cfs,7546,tcp
cfs,7546,udp
cwmp,7547,tcp
cwmp,7547,udp
tidp,7548,tcp
tidp,7548,udp
sncp,7560,tcp
sncp,7560,udp
indi,7624,udp
indi,7624,tcp
simco,7626,tcp
xdas,7629,tcp
xdas,7629,udp
pmdfmgt,7633,udp
pmdfmgt,7633,tcp
cuseeme,7648,tcp
cuseeme,7648,udp
imqtunnels,7674,udp
imqtunnels,7674,tcp
imqtunnel,7675,udp
imqtunnel,7675,tcp
imqbrokerd,7676,udp
imqbrokerd,7676,tcp
klio,7697,tcp
klio,7697,udp
scinet,7708,tcp
scinet,7708,udp
medimageportal,7720,tcp
medimageportal,7720,udp
nitrogen,7725,tcp
nitrogen,7725,udp
freezexservice,7726,tcp
freezexservice,7726,udp
aiagent,7738,tcp
aiagent,7738,udp
cbt,7777,udp
cbt,7777,tcp
interwise,7778,udp
interwise,7778,tcp
vstat,7779,udp
vstat,7779,tcp
minivend,7786,udp
minivend,7786,tcp
q3ade,7794,tcp
q3ade,7794,udp
asr,7800,tcp
asr,7800,udp
ubroker,7887,tcp
ubroker,7887,udp
mevent,7900,tcp
mevent,7900,udp
supercell,7967,udp
supercell,7967,tcp
irdmi2,7999,udp
irdmi2,7999,tcp
irdmi,8000,udp
irdmi,8000,tcp
teradataordbms,8002,udp
teradataordbms,8002,tcp
mindprint,8033,udp
mindprint,8033,tcp
senomix01,8052,tcp
senomix01,8052,udp
senomix02,8053,tcp
senomix02,8053,udp
senomix03,8054,tcp
senomix03,8054,udp
senomix04,8055,tcp
senomix04,8055,udp
senomix05,8056,tcp
senomix05,8056,udp
senomix06,8057,tcp
senomix06,8057,udp
senomix07,8058,tcp
senomix07,8058,udp
senomix08,8059,tcp
senomix08,8059,udp
gadugadu,8074,tcp
gadugadu,8074,udp
sunproxyadmin,8081,tcp
sunproxyadmin,8081,udp
sac,8097,tcp
sac,8097,udp
privoxy,8118,udp
privoxy,8118,tcp
dbabble,8132,udp
dbabble,8132,tcp
isdd,8148,tcp
isdd,8148,udp
patrol,8160,udp
patrol,8160,tcp
spytechphone,8192,tcp
spytechphone,8192,udp
blp1,8194,tcp
blp1,8194,udp
blp2,8195,tcp
blp2,8195,udp
trivnet1,8200,udp
trivnet1,8200,tcp
trivnet2,8201,udp
trivnet2,8201,tcp
rexecj,8230,tcp
rexecj,8230,udp
blp3,8292,tcp
blp3,8292,udp
blp4,8294,tcp
blp4,8294,udp
tmi,8300,tcp
tmi,8300,udp
amberon,8301,tcp
amberon,8301,udp
m2mservices,8383,tcp
m2mservices,8383,udp
cvd,8400,udp
cvd,8400,tcp
sabarsd,8401,udp
sabarsd,8401,tcp
abarsd,8402,udp
abarsd,8402,tcp
admind,8403,udp
admind,8403,tcp
espeech,8416,udp
espeech,8416,tcp
npmp,8450,udp
npmp,8450,tcp
vp2p,8473,udp
vp2p,8473,tcp
noteshare,8474,tcp
noteshare,8474,udp
fmtp,8500,tcp
fmtp,8500,udp
natd,8668,divert
asterix,8600,tcp
asterix,8600,udp
vnyx,8699,tcp
vnyx,8699,udp
ibus,8733,udp
ibus,8733,tcp
openqueue,8764,udp
openqueue,8764,tcp
dpap,8770,tcp
dpap,8770,udp
msgclnt,8786,udp
msgclnt,8786,tcp
msgsrvr,8787,udp
msgsrvr,8787,tcp
sunwebadmin,8800,tcp
sunwebadmin,8800,udp
truecm,8804,udp
truecm,8804,tcp
dxspider,8873,tcp
dxspider,8873,udp
wcbackup,8912,tcp
wcbackup,8912,udp
dragonfly,8913,tcp
dragonfly,8913,udp
sunwebadmins,8989,tcp
sunwebadmins,8989,udp
bctp,8999,udp
bctp,8999,tcp
cslistener,9000,udp
cslistener,9000,tcp
etlservicemgr,9001,udp
etlservicemgr,9001,tcp
dynamid,9002,udp
dynamid,9002,tcp
pichat,9009,tcp
pichat,9009,udp
tambora,9020,udp
tambora,9020,tcp
paragent,9022,udp
paragent,9022,tcp
glrpc,9080,udp
glrpc,9080,tcp
sqlexec,9088,tcp
sqlexec,9088,udp
websm,9090,udp
websm,9090,tcp
XmlIpcRegSvc,9092,tcp
XmlIpcRegSvc,9092,udp
peerwire,9104,tcp
peerwire,9104,udp
mxit,9119,tcp
mxit,9119,udp
dddp,9131,tcp
dddp,9131,udp
netlock1,9160,udp
netlock1,9160,tcp
netlock2,9161,udp
netlock2,9161,tcp
netlock3,9162,udp
netlock3,9162,tcp
netlock4,9163,udp
netlock4,9163,tcp
netlock5,9164,udp
netlock5,9164,tcp
serverviewdbms,9212,tcp
serverviewdbms,9212,udp
serverstart,9213,tcp
serverstart,9213,udp
ipdcesgbs,9214,tcp
ipdcesgbs,9214,udp
insis,9215,tcp
insis,9215,udp
acme,9216,tcp
acme,9216,udp
teamcoherence,9222,tcp
teamcoherence,9222,udp
callwaveiam,9283,udp
callwaveiam,9283,tcp
visd,9284,udp
visd,9284,tcp
n2h2server,9285,udp
n2h2server,9285,tcp
cumulus,9287,udp
cumulus,9287,tcp
armtechdaemon,9292,udp
armtechdaemon,9292,tcp
storview,9293,tcp
storview,9293,udp
armcenterhttp,9294,tcp
armcenterhttp,9294,udp
armcenterhttps,9295,tcp
armcenterhttps,9295,udp
vrace,9300,tcp
vrace,9300,udp
guibase,9321,udp
guibase,9321,tcp
mpidcmgr,9343,udp
mpidcmgr,9343,tcp
mphlpdmc,9344,udp
mphlpdmc,9344,tcp
ctechlicensing,9346,udp
ctechlicensing,9346,tcp
fjdmimgr,9374,udp
fjdmimgr,9374,tcp
fjinvmgr,9396,udp
fjinvmgr,9396,tcp
mpidcagt,9397,udp
mpidcagt,9397,tcp
git,9418,tcp
git,9418,udp
ismserver,9500,udp
ismserver,9500,tcp
mngsuite,9535,udp
mngsuite,9535,tcp
ldgateway,9592,tcp
ldgateway,9592,udp
cba8,9593,tcp
cba8,9593,udp
msgsys,9594,udp
msgsys,9594,tcp
pds,9595,udp
pds,9595,tcp
vscp,9598,tcp
vscp,9598,udp
robix,9599,tcp
robix,9599,udp
rasadv,9753,udp
rasadv,9753,tcp
davsrc,9800,udp
davsrc,9800,tcp
davsrcs,9802,tcp
davsrcs,9802,udp
sapv1,9875,udp
sapv1,9875,tcp
sd,9876,udp
sd,9876,tcp
monkeycom,9898,udp
monkeycom,9898,tcp
iua,9900,sctp
iua,9900,udp
iua,9900,tcp
enrp,9901,udp
domaintime,9909,udp
domaintime,9909,tcp
acis,9953,tcp
acis,9953,udp
odnsp,9966,tcp
odnsp,9966,udp
distinct32,9998,udp
distinct32,9998,tcp
distinct,9999,udp
distinct,9999,tcp
ndmp,10000,udp
ndmp,10000,tcp
octopus,10008,udp
octopus,10008,tcp
amanda,10080,udp
amanda,10080,tcp
famdc,10081,tcp
famdc,10081,udp
ezrelay,10103,udp
ezrelay,10103,tcp
swdtp,10104,tcp
swdtp,10104,udp
trisoap,10200,tcp
trisoap,10200,udp
blocks,10288,udp
blocks,10288,tcp
gap,10800,tcp
gap,10800,udp
lpdg,10805,tcp
lpdg,10805,udp
rmiaux,10990,udp
rmiaux,10990,tcp
irisa,11000,udp
irisa,11000,tcp
metasys,11001,udp
metasys,11001,tcp
vce,11111,udp
vce,11111,tcp
dicom,11112,tcp
dicom,11112,udp
smsqp,11201,udp
smsqp,11201,tcp
wifree,11208,tcp
wifree,11208,udp
imip,11319,udp
imip,11319,tcp
hkp,11371,udp
hkp,11371,tcp
h323callsigalt,11720,udp
h323callsigalt,11720,tcp
entextxid,12000,udp
entextxid,12000,tcp
entextnetwk,12001,udp
entextnetwk,12001,tcp
entexthigh,12002,udp
entexthigh,12002,tcp
entextmed,12003,udp
entextmed,12003,tcp
entextlow,12004,udp
entextlow,12004,tcp
dbisamserver1,12005,udp
dbisamserver1,12005,tcp
dbisamserver2,12006,udp
dbisamserver2,12006,tcp
accuracer,12007,tcp
accuracer,12007,udp
vipera,12012,tcp
vipera,12012,udp
cawas,12168,tcp
cawas,12168,udp
hivep,12172,udp
hivep,12172,tcp
linogridengine,12300,tcp
linogridengine,12300,udp
warehouse,12322,tcp
warehouse,12322,udp
italk,12345,udp
italk,12345,tcp
tsaf,12753,udp
tsaf,12753,tcp
bprd,13720,udp
bprd,13720,tcp
bpdbm,13721,udp
bpdbm,13721,tcp
vnetd,13724,udp
vnetd,13724,tcp
bpcd,13782,udp
bpcd,13782,tcp
vopied,13783,udp
vopied,13783,tcp
nbdb,13785,tcp
nbdb,13785,udp
nomdb,13786,tcp
nomdb,13786,udp
sua,14001,sctp
sua,14001,udp
sua,14001,tcp
icpp,14142,tcp
icpp,14142,udp
vad,14154,tcp
vad,14154,udp
hydap,15000,udp
hydap,15000,tcp
xpilot,15345,udp
xpilot,15345,tcp
3link,15363,udp
3link,15363,tcp
ptp,15740,tcp
ptp,15740,udp
etb4j,16309,tcp
etb4j,16309,udp
pduncs,16310,tcp
pduncs,16310,udp
netserialext1,16360,udp
netserialext1,16360,tcp
netserialext2,16361,udp
netserialext2,16361,tcp
netserialext3,16367,udp
netserialext3,16367,tcp
netserialext4,16368,udp
netserialext4,16368,tcp
connected,16384,tcp
connected,16384,udp
soundsvirtual,17185,udp
soundsvirtual,17185,tcp
chipper,17219,udp
chipper,17219,tcp
ea,17729,tcp
ea,17729,udp
zep,17754,tcp
zep,17754,udp
biimenu,18000,udp
biimenu,18000,tcp
ohsc,18186,tcp
ohsc,18186,udp
ique,18769,udp
ique,18769,tcp
infotos,18881,tcp
infotos,18881,udp
igrid,19000,tcp
igrid,19000,udp
keysrvr,19283,udp
keysrvr,19283,tcp
keyshadow,19315,udp
keyshadow,19315,tcp
mtrgtrans,19398,udp
mtrgtrans,19398,tcp
fxuptp,19539,tcp
fxuptp,19539,udp
sxuptp,19540,udp
sxuptp,19540,tcp
jcp,19541,udp
jcp,19541,tcp
dnp,20000,udp
dnp,20000,tcp
microsan,20001,tcp
microsan,20001,udp
opendeploy,20014,tcp
opendeploy,20014,udp
nburn_id,20034,tcp
nburn_id,20034,udp
tolfab,20167,tcp
tolfab,20167,udp
track,20670,udp
track,20670,tcp
irtrans,21000,tcp
irtrans,21000,udp
dfserver,21554,tcp
dfserver,21554,udp
tvpm,21800,udp
tvpm,21800,tcp
webphone,21845,udp
webphone,21845,tcp
snapenetio,22000,udp
snapenetio,22000,tcp
optocontrol,22001,udp
optocontrol,22001,tcp
optohost002,22002,tcp
optohost002,22002,udp
optohost003,22003,tcp
optohost003,22003,udp
optohost004,22004,tcp
optohost004,22004,udp
optohost004,22005,tcp
optohost004,22005,udp
wnn6,22273,udp
wnn6,22273,tcp
talikaserver,22763,tcp
talikaserver,22763,udp
inovaport1,23000,tcp
inovaport1,23000,udp
inovaport2,23001,tcp
inovaport2,23001,udp
inovaport3,23002,tcp
inovaport3,23002,udp
inovaport4,23003,tcp
inovaport4,23003,udp
inovaport5,23004,tcp
inovaport5,23004,udp
inovaport6,23005,tcp
inovaport6,23005,udp
filesphere,24242,udp
filesphere,24242,tcp
ild,24321,tcp
ild,24321,udp
intel_rci,24386,udp
intel_rci,24386,tcp
binkp,24554,udp
binkp,24554,tcp
flashfiler,24677,udp
flashfiler,24677,tcp
proactivate,24678,udp
proactivate,24678,tcp
snip,24922,udp
snip,24922,tcp
niobserver,25901,udp
niobserver,25901,tcp
niprobe,25903,udp
niprobe,25903,tcp
quake,26000,udp
quake,26000,tcp
ezproxy,26260,udp
ezproxy,26260,tcp
ezmeeting,26261,udp
ezmeeting,26261,tcp
gserver,26264,udp
gserver,26264,tcp
exoconfig,26487,tcp
exoconfig,26487,udp
exonet,26489,tcp
exonet,26489,udp
imagepump,27345,udp
imagepump,27345,tcp
jesmsjc,27442,tcp
jesmsjc,27442,udp
nxlmd,28000,tcp
nxlmd,28000,udp
siemensgsm,28240,tcp
siemensgsm,28240,udp
otmp,29167,tcp
otmp,29167,udp
ovobs,30999,tcp
ovobs,30999,udp
xqosd,31416,udp
xqosd,31416,tcp
tetrinet,31457,tcp
tetrinet,31457,udp
iceedcp_tx,31948,tcp
iceedcp_tx,31948,udp
iceedcp_rx,31949,tcp
iceedcp_rx,31949,udp
t1distproc60,32249,tcp
t1distproc60,32249,udp
idmgratm,32896,udp
idmgratm,32896,tcp
diamondport,33331,udp
diamondport,33331,tcp
traceroute,33434,udp
traceroute,33434,tcp
ethercat,34980,tcp
ethercat,34980,udp
kastenxpipe,36865,udp
kastenxpipe,36865,tcp
neckar,37475,udp
neckar,37475,tcp
fairview,38202,tcp
fairview,38202,udp
agpolicy,38203,tcp
agpolicy,38203,udp
safetynetp,40000,tcp
safetynetp,40000,udp
cscp,40841,udp
cscp,40841,tcp
csccredir,40842,udp
csccredir,40842,tcp
csccfirewall,40843,udp
csccfirewall,40843,tcp
candp,42508,tcp
candp,42508,udp
candrp,42509,tcp
candrp,42509,udp
caerpc,42510,tcp
caerpc,42510,udp
reachout,43188,udp
reachout,43188,tcp
ciscocsdb,43441,tcp
ciscocsdb,43441,udp
pmcd,44321,udp
pmcd,44321,tcp
pmcdproxy,44322,tcp
pmcdproxy,44322,udp
eba,45678,udp
eba,45678,tcp
mediabox,46999,tcp
mediabox,46999,udp
mbus,47000,udp
mbus,47000,tcp
dbbrowse,47557,udp
dbbrowse,47557,tcp
directplaysrvr,47624,udp
directplaysrvr,47624,tcp
ap,47806,udp
ap,47806,tcp
bacnet,47808,udp
bacnet,47808,tcp
nimcontroller,48000,udp
nimcontroller,48000,tcp
nimspooler,48001,udp
nimspooler,48001,tcp
nimhub,48002,udp
nimhub,48002,tcp
nimgtw,48003,udp
nimgtw,48003,tcp
isnetserv,48128,tcp
isnetserv,48128,udp
blp5,48129,tcp
blp5,48129,udp
